Id,Label
0001.jpg,0.080938
0002.jpg,0.677449
0003.jpg,0.6518689999999999
0004.jpg,0.629467
0005.jpg,0.610963
0006.jpg,0.705114
0007.jpg,0.056474
0008.jpg,0.6601670000000001
0009.jpg,0.545813
0010.jpg,0.282449
0011.jpg,0.579285
0012.jpg,0.00426
0013.jpg,0.572186
0014.jpg,0.755558
0015.jpg,0.71751
0016.jpg,0.647079
0017.jpg,0.936672
0018.jpg,0.273978
0019.jpg,0.999959
0020.jpg,0.044085
0021.jpg,0.6600010000000001
0022.jpg,0.641911
0023.jpg,0.5477350000000001
0024.jpg,0.6807989999999999
0025.jpg,0.686184
0026.jpg,0.7371489999999999
0027.jpg,0.514042
0028.jpg,0.904654
0029.jpg,0.19015
0030.jpg,0.991391
0031.jpg,0.431429
0032.jpg,0.770834
0033.jpg,0.277172
0034.jpg,0.27516
0035.jpg,0.716221
0036.jpg,7.6e-05
0037.jpg,0.612264
0038.jpg,0.465667
0039.jpg,0.797397
0040.jpg,0.500027
0041.jpg,0.99981
0042.jpg,0.783284
0043.jpg,0.788539
0044.jpg,0.786323
0045.jpg,0.7081890000000001
0046.jpg,1.0
0047.jpg,0.2415929999999999
0048.jpg,0.5876939999999999
0049.jpg,0.6147630000000001
0050.jpg,0.64391
0051.jpg,0.293461
0052.jpg,0.785293
0053.jpg,0.660992
0054.jpg,0.649539
0055.jpg,0.7392989999999999
0056.jpg,0.04283
0057.jpg,0.688858
0058.jpg,0.115807
0059.jpg,0.836463
0060.jpg,0.792874
0061.jpg,0.441887
0062.jpg,0.266868
0063.jpg,0.787053
0064.jpg,0.5388890000000001
0065.jpg,0.661137
0066.jpg,0.968764
0067.jpg,0.220657
0068.jpg,0.602117
0069.jpg,0.648998
0070.jpg,0.903497
0071.jpg,0.593173
0072.jpg,0.750527
0073.jpg,0.710741
0074.jpg,0.773857
0075.jpg,1.0
0076.jpg,0.655573
0077.jpg,0.99875
0078.jpg,0.6926939999999999
0079.jpg,0.6625800000000001
0080.jpg,1.0
0081.jpg,0.700094
0082.jpg,0.089129
0083.jpg,0.855188
0084.jpg,0.996466
0085.jpg,1.0
0086.jpg,0.3602619999999999
0087.jpg,0.608173
0088.jpg,0.999965
0089.jpg,0.248798
0090.jpg,0.98573
0091.jpg,0.704887
0092.jpg,0.970643
0093.jpg,0.681238
0094.jpg,0.711928
0095.jpg,0.167552
0096.jpg,0.175479
0097.jpg,0.7008479999999999
0098.jpg,0.565433
0099.jpg,0.999548
0100.jpg,0.551948
0101.jpg,0.677808
0102.jpg,1.0
0103.jpg,0.667304
0104.jpg,0.99975
0105.jpg,0.642695
0106.jpg,0.771947
0107.jpg,0.745974
0108.jpg,0.709034
0109.jpg,0.508676
0110.jpg,0.599444
0111.jpg,0.030649
0112.jpg,0.621957
0113.jpg,0.987545
0114.jpg,0.000267
0115.jpg,0.740672
0116.jpg,0.690893
0117.jpg,0.694103
0118.jpg,0.713262
0119.jpg,0.6113
0120.jpg,0.232702
0121.jpg,0.700576
0122.jpg,0.709737
0123.jpg,0.768468
0124.jpg,0.779943
0125.jpg,0.4278619999999999
0126.jpg,0.739171
0127.jpg,0.733869
0128.jpg,0.628368
0129.jpg,0.988244
0130.jpg,0.751063
0131.jpg,0.8398979999999999
0132.jpg,0.673141
0133.jpg,0.749657
0134.jpg,0.743009
0135.jpg,0.014809
0136.jpg,0.221182
0137.jpg,0.666465
0138.jpg,0.770346
0139.jpg,0.64766
0140.jpg,0.274442
0141.jpg,0.708125
0142.jpg,0.789875
0143.jpg,0.702819
0144.jpg,0.7728729999999999
0145.jpg,0.577153
0146.jpg,0.857468
0147.jpg,0.68211
0148.jpg,0.999998
0149.jpg,0.640422
0150.jpg,0.094734
0151.jpg,0.6969069999999999
0152.jpg,0.8334729999999999
0153.jpg,0.832247
0154.jpg,0.19602
0155.jpg,0.981754
0156.jpg,0.439521
0157.jpg,0.6156020000000001
0158.jpg,0.666425
0159.jpg,0.770694
0160.jpg,0.752614
0161.jpg,0.464422
0162.jpg,0.148079
0163.jpg,0.188578
0164.jpg,0.544428
0165.jpg,0.836882
0166.jpg,0.588483
0167.jpg,0.748023
0168.jpg,0.6411
0169.jpg,0.699487
0170.jpg,0.7299479999999999
0171.jpg,0.427363
0172.jpg,0.565593
0173.jpg,0.507933
0174.jpg,0.751699
0175.jpg,0.951383
0176.jpg,0.920695
0177.jpg,0.590033
0178.jpg,0.676089
0179.jpg,0.7270270000000001
0180.jpg,0.746658
0181.jpg,0.758432
0182.jpg,0.129055
0183.jpg,0.667691
0184.jpg,0.932351
0185.jpg,0.629546
0186.jpg,0.762775
0187.jpg,0.717587
0188.jpg,0.567635
0189.jpg,0.049982
0190.jpg,0.656013
0191.jpg,0.743736
0192.jpg,0.748193
0193.jpg,0.565629
0194.jpg,0.4764819999999999
0195.jpg,0.297193
0196.jpg,0.928888
0197.jpg,0.138625
0198.jpg,0.0357
0199.jpg,0.724596
0200.jpg,0.6404340000000001
0201.jpg,0.464302
0202.jpg,0.162213
0203.jpg,0.7331770000000001
0204.jpg,0.168878
0205.jpg,0.762949
0206.jpg,0.685524
0207.jpg,1.0
0208.jpg,0.5499569999999999
0209.jpg,0.649227
0210.jpg,0.8626469999999999
0211.jpg,0.610151
0212.jpg,0.025029
0213.jpg,0.008602
0214.jpg,0.726636
0215.jpg,0.670399
0216.jpg,0.771042
0217.jpg,0.744898
0218.jpg,0.193215
0219.jpg,0.487573
0220.jpg,0.698813
0221.jpg,0.232392
0222.jpg,0.7216229999999999
0223.jpg,0.230618
0224.jpg,0.745942
0225.jpg,0.042101
0226.jpg,0.8060970000000001
0227.jpg,0.723449
0228.jpg,0.667559
0229.jpg,0.000997
0230.jpg,0.244659
0231.jpg,0.497525
0232.jpg,0.270208
0233.jpg,0.730108
0234.jpg,0.233618
0235.jpg,0.660558
0236.jpg,0.491029
0237.jpg,0.745526
0238.jpg,0.655167
0239.jpg,0.787457
0240.jpg,0.060997
0241.jpg,0.7187399999999999
0242.jpg,0.720109
0243.jpg,0.799317
0244.jpg,0.67809
0245.jpg,0.723772
0246.jpg,0.722865
0247.jpg,0.549798
0248.jpg,0.697229
0249.jpg,0.979087
0250.jpg,0.546481
0251.jpg,0.2365219999999999
0252.jpg,9.7e-05
0253.jpg,0.228992
0254.jpg,0.5923470000000001
0255.jpg,0.555972
0256.jpg,0.125844
0257.jpg,0.795834
0258.jpg,0.256269
0259.jpg,0.229975
0260.jpg,0.1953619999999999
0261.jpg,0.705128
0262.jpg,0.079435
0263.jpg,0.7528189999999999
0264.jpg,0.213583
0265.jpg,0.053239
0266.jpg,0.471668
0267.jpg,0.021411
0268.jpg,2.5e-05
0269.jpg,0.752552
0270.jpg,0.999988
0271.jpg,0.999998
0272.jpg,0.64069
0273.jpg,0.999997
0274.jpg,0.8606459999999999
0275.jpg,0.996565
0276.jpg,0.565062
0277.jpg,0.972675
0278.jpg,0.684609
0279.jpg,0.639681
0280.jpg,0.710796
0281.jpg,0.781342
0282.jpg,0.681424
0283.jpg,0.700381
0284.jpg,0.237176
0285.jpg,0.701508
0286.jpg,0.717532
0287.jpg,0.1635839999999999
0288.jpg,0.6309100000000001
0289.jpg,0.628509
0290.jpg,0.228898
0291.jpg,0.632692
0292.jpg,1.0
0293.jpg,0.467505
0294.jpg,0.684649
0295.jpg,0.673895
0296.jpg,0.29215
0297.jpg,0.778701
0298.jpg,0.681478
0299.jpg,0.741123
0300.jpg,0.4612949999999999
0301.jpg,0.771421
0302.jpg,0.544345
0303.jpg,0.582613
0304.jpg,0.590616
0305.jpg,0.6199359999999999
0306.jpg,0.999997
0307.jpg,0.6848
0308.jpg,0.25942
0309.jpg,0.203801
0310.jpg,0.8388959999999999
0311.jpg,0.686345
0312.jpg,0.999995
0313.jpg,0.579191
0314.jpg,0.000126
0315.jpg,0.591126
0316.jpg,0.2945
0317.jpg,0.683087
0318.jpg,0.24434
0319.jpg,0.711603
0320.jpg,0.0785049999999999
0321.jpg,0.893008
0322.jpg,0.738579
0323.jpg,0.565246
0324.jpg,0.685107
0325.jpg,0.794044
0326.jpg,0.119899
0327.jpg,0.999998
0328.jpg,0.718444
0329.jpg,0.666391
0330.jpg,0.6155930000000001
0331.jpg,0.7391909999999999
0332.jpg,0.292528
0333.jpg,0.657602
0334.jpg,0.824517
0335.jpg,0.689846
0336.jpg,0.642682
0337.jpg,0.75017
0338.jpg,0.755694
0339.jpg,0.57843
0340.jpg,0.4995729999999999
0341.jpg,0.532062
0342.jpg,0.550297
0343.jpg,0.661904
0344.jpg,0.6184270000000001
0345.jpg,0.75717
0346.jpg,0.715478
0347.jpg,0.648939
0348.jpg,0.232996
0349.jpg,0.621989
0350.jpg,0.599143
0351.jpg,0.732653
0352.jpg,0.8576959999999999
0353.jpg,0.665683
0354.jpg,0.772829
0355.jpg,0.6355770000000001
0356.jpg,0.6087640000000001
0357.jpg,0.391111
0358.jpg,0.7636970000000001
0359.jpg,0.7547590000000001
0360.jpg,0.670743
0361.jpg,0.8626229999999999
0362.jpg,0.680075
0363.jpg,0.576304
0364.jpg,0.656251
0365.jpg,0.5436850000000001
0366.jpg,0.743984
0367.jpg,0.8549610000000001
0368.jpg,0.738481
0369.jpg,0.711444
0370.jpg,0.481722
0371.jpg,0.58645
0372.jpg,0.69504
0373.jpg,0.674149
0374.jpg,0.7316729999999999
0375.jpg,0.6315930000000001
0376.jpg,0.703021
0377.jpg,0.639022
0378.jpg,0.243036
0379.jpg,0.8373309999999999
0380.jpg,0.577534
0381.jpg,0.996741
0382.jpg,0.739808
0383.jpg,0.175796
0384.jpg,0.376542
0385.jpg,0.609338
0386.jpg,0.004604
0387.jpg,0.858742
0388.jpg,0.94301
0389.jpg,0.667086
0390.jpg,0.628725
0391.jpg,0.757628
0392.jpg,0.5949369999999999
0393.jpg,0.00677
0394.jpg,0.612645
0395.jpg,0.997536
0396.jpg,0.240021
0397.jpg,0.040734
0398.jpg,0.987569
0399.jpg,0.138782
0400.jpg,0.999919
0401.jpg,0.997444
0402.jpg,0.14719
0403.jpg,0.627686
0404.jpg,0.65391
0405.jpg,0.731273
0406.jpg,0.722092
0407.jpg,0.704145
0408.jpg,0.740495
0409.jpg,0.7390180000000001
0410.jpg,0.703951
0411.jpg,0.632221
0412.jpg,0.99755
0413.jpg,0.941841
0414.jpg,0.589707
0415.jpg,0.999963
0416.jpg,0.686009
0417.jpg,0.009529
0418.jpg,0.6829069999999999
0419.jpg,0.670763
0420.jpg,1.0
0421.jpg,0.668851
0422.jpg,0.999997
0423.jpg,0.45545
0424.jpg,0.7854300000000001
0425.jpg,0.710951
0426.jpg,0.747739
0427.jpg,0.640601
0428.jpg,0.6912229999999999
0429.jpg,0.194414
0430.jpg,0.55143
0431.jpg,0.887584
0432.jpg,0.777312
0433.jpg,0.67219
0434.jpg,0.151831
0435.jpg,1.0
0436.jpg,0.675981
0437.jpg,0.717023
0438.jpg,0.909543
0439.jpg,0.120016
0440.jpg,0.29555
0441.jpg,0.637768
0442.jpg,0.717874
0443.jpg,0.449147
0444.jpg,0.713771
0445.jpg,0.652888
0446.jpg,0.553538
0447.jpg,0.846377
0448.jpg,0.715679
0449.jpg,0.156298
0450.jpg,0.8802030000000001
0451.jpg,0.793511
0452.jpg,0.4902829999999999
0453.jpg,0.708735
0454.jpg,0.8986850000000001
0455.jpg,0.7313689999999999
0456.jpg,0.5735640000000001
0457.jpg,0.292334
0458.jpg,0.7166680000000001
0459.jpg,0.843935
0460.jpg,0.973001
0461.jpg,0.8777299999999999
0462.jpg,0.651288
0463.jpg,0.002803
0464.jpg,0.7464310000000001
0465.jpg,0.78564
0466.jpg,0.636566
0467.jpg,0.646646
0468.jpg,0.999998
0469.jpg,0.182215
0470.jpg,0.958472
0471.jpg,0.709234
0472.jpg,0.7057869999999999
0473.jpg,0.745054
0474.jpg,0.713912
0475.jpg,0.647109
0476.jpg,0.524299
0477.jpg,0.685433
0478.jpg,0.625459
0479.jpg,0.647135
0480.jpg,0.654356
0481.jpg,0.517745
0482.jpg,0.801575
0483.jpg,0.928352
0484.jpg,0.0179639999999999
0485.jpg,0.672932
0486.jpg,0.682397
0487.jpg,0.6107090000000001
0488.jpg,0.0236539999999999
0489.jpg,0.55319
0490.jpg,0.6422859999999999
0491.jpg,0.180439
0492.jpg,0.661555
0493.jpg,0.704418
0494.jpg,0.66557
0495.jpg,0.67178
0496.jpg,0.771389
0497.jpg,0.796912
0498.jpg,0.5702619999999999
0499.jpg,0.618236
0500.jpg,1.0
0501.jpg,0.69184
0502.jpg,0.0433329999999999
0503.jpg,0.999897
0504.jpg,0.6719189999999999
0505.jpg,0.0357899999999999
0506.jpg,1.0
0507.jpg,0.644015
0508.jpg,0.985973
0509.jpg,0.20401
0510.jpg,0.574512
0511.jpg,0.967615
0512.jpg,0.6246649999999999
0513.jpg,0.760798
0514.jpg,0.802686
0515.jpg,0.577546
0516.jpg,0.593409
0517.jpg,0.060883
0518.jpg,0.623949
0519.jpg,0.840008
0520.jpg,0.735937
0521.jpg,0.775472
0522.jpg,0.299768
0523.jpg,0.514145
0524.jpg,0.2801349999999999
0525.jpg,0.744129
0526.jpg,0.94496
0527.jpg,0.71841
0528.jpg,0.887706
0529.jpg,1.0
0530.jpg,0.610887
0531.jpg,0.623855
0532.jpg,0.649937
0533.jpg,0.640426
0534.jpg,0.0332579999999999
0535.jpg,0.721336
0536.jpg,0.870834
0537.jpg,0.817797
0538.jpg,0.639311
0539.jpg,0.8424020000000001
0540.jpg,0.7942319999999999
0541.jpg,0.999988
0542.jpg,0.719539
0543.jpg,0.99958
0544.jpg,0.72839
0545.jpg,0.6845600000000001
0546.jpg,0.581156
0547.jpg,0.072245
0548.jpg,0.8929010000000001
0549.jpg,0.497089
0550.jpg,0.527879
0551.jpg,0.99816
0552.jpg,0.048319
0553.jpg,0.45537
0554.jpg,0.75238
0555.jpg,0.621309
0556.jpg,0.714759
0557.jpg,0.999977
0558.jpg,0.781459
0559.jpg,0.329931
0560.jpg,0.558632
0561.jpg,0.679279
0562.jpg,0.958437
0563.jpg,0.7186170000000001
0564.jpg,0.788201
0565.jpg,0.697348
0566.jpg,0.52447
0567.jpg,0.6632779999999999
0568.jpg,0.69275
0569.jpg,0.537304
0570.jpg,0.7877069999999999
0571.jpg,0.172264
0572.jpg,0.648183
0573.jpg,0.7736149999999999
0574.jpg,0.760363
0575.jpg,0.004919
0576.jpg,0.7125020000000001
0577.jpg,0.759413
0578.jpg,0.599104
0579.jpg,0.63976
0580.jpg,0.934803
0581.jpg,0.6989380000000001
0582.jpg,0.662205
0583.jpg,0.926772
0584.jpg,0.999998
0585.jpg,0.65007
0586.jpg,0.242207
0587.jpg,0.044879
0588.jpg,0.7750819999999999
0589.jpg,0.7573810000000001
0590.jpg,0.5638810000000001
0591.jpg,0.536083
0592.jpg,0.607042
0593.jpg,0.695403
0594.jpg,0.981641
0595.jpg,0.999999
0596.jpg,1.0
0597.jpg,0.999955
0598.jpg,0.710843
0599.jpg,0.627654
0600.jpg,0.595147
0601.jpg,0.6532180000000001
0602.jpg,0.683049
0603.jpg,0.548385
0604.jpg,0.032194
0605.jpg,0.650472
0606.jpg,0.934366
0607.jpg,0.675511
0608.jpg,0.188134
0609.jpg,0.6455350000000001
0610.jpg,0.8258479999999999
0611.jpg,0.756213
0612.jpg,0.996772
0613.jpg,0.780173
0614.jpg,0.49721
0615.jpg,0.048239
0616.jpg,0.974
0617.jpg,0.237328
0618.jpg,0.714486
0619.jpg,0.665127
0620.jpg,0.670192
0621.jpg,0.237338
0622.jpg,0.231554
0623.jpg,0.727543
0624.jpg,0.6100140000000001
0625.jpg,0.527514
0626.jpg,0.808617
0627.jpg,0.683284
0628.jpg,0.98766
0629.jpg,0.000525
0630.jpg,0.999954
0631.jpg,0.546134
0632.jpg,0.669155
0633.jpg,0.044545
0634.jpg,0.468512
0635.jpg,0.713781
0636.jpg,0.2427139999999999
0637.jpg,0.740071
0638.jpg,0.547319
0639.jpg,0.573876
0640.jpg,0.474909
0641.jpg,0.710443
0642.jpg,0.7126680000000001
0643.jpg,0.717443
0644.jpg,0.674341
0645.jpg,0.64551
0646.jpg,0.686408
0647.jpg,0.0533
0648.jpg,0.765532
0649.jpg,0.099409
0650.jpg,0.567243
0651.jpg,0.17992
0652.jpg,0.765077
0653.jpg,0.66162
0654.jpg,0.7167060000000001
0655.jpg,0.562471
0656.jpg,0.764843
0657.jpg,0.599774
0658.jpg,0.71295
0659.jpg,0.663029
0660.jpg,0.656011
0661.jpg,0.055761
0662.jpg,0.8629030000000001
0663.jpg,0.002665
0664.jpg,1.0
0665.jpg,0.6408520000000001
0666.jpg,0.6273569999999999
0667.jpg,0.7796810000000001
0668.jpg,0.942426
0669.jpg,0.626182
0670.jpg,0.850974
0671.jpg,0.027188
0672.jpg,0.115744
0673.jpg,0.722368
0674.jpg,0.751043
0675.jpg,0.7833319999999999
0676.jpg,0.213936
0677.jpg,0.5677439999999999
0678.jpg,0.226076
0679.jpg,0.104221
0680.jpg,0.666994
0681.jpg,0.724425
0682.jpg,0.397285
0683.jpg,0.783519
0684.jpg,0.654591
0685.jpg,0.000112
0686.jpg,0.702295
0687.jpg,0.481275
0688.jpg,0.737494
0689.jpg,0.99653
0690.jpg,0.748258
0691.jpg,1.0
0692.jpg,0.721355
0693.jpg,0.143655
0694.jpg,0.655884
0695.jpg,0.902474
0696.jpg,0.185524
0697.jpg,0.65185
0698.jpg,0.67101
0699.jpg,0.8403639999999999
0700.jpg,1.0
0701.jpg,0.6878810000000001
0702.jpg,0.6330020000000001
0703.jpg,0.000981
0704.jpg,0.783278
0705.jpg,0.606645
0706.jpg,0.653896
0707.jpg,1.0
0708.jpg,0.691397
0709.jpg,0.727636
0710.jpg,0.981639
0711.jpg,0.138836
0712.jpg,0.041355
0713.jpg,0.909179
0714.jpg,0.6254970000000001
0715.jpg,0.135672
0716.jpg,0.6494979999999999
0717.jpg,0.994831
0718.jpg,0.722104
0719.jpg,0.489795
0720.jpg,0.6757810000000001
0721.jpg,0.5663739999999999
0722.jpg,0.804381
0723.jpg,0.793313
0724.jpg,0.558867
0725.jpg,0.709412
0726.jpg,0.069748
0727.jpg,0.8829959999999999
0728.jpg,0.74353
0729.jpg,0.99997
0730.jpg,0.6504270000000001
0731.jpg,0.660688
0732.jpg,0.824191
0733.jpg,0.669122
0734.jpg,0.6965819999999999
0735.jpg,0.637936
0736.jpg,0.2338239999999999
0737.jpg,0.564729
0738.jpg,0.5322939999999999
0739.jpg,0.255258
0740.jpg,0.997513
0741.jpg,0.1188289999999999
0742.jpg,0.6163420000000001
0743.jpg,0.111416
0744.jpg,0.2307219999999999
0745.jpg,0.661719
0746.jpg,0.70798
0747.jpg,0.587283
0748.jpg,0.762
0749.jpg,0.298535
0750.jpg,0.999729
0751.jpg,0.25722
0752.jpg,0.702859
0753.jpg,0.7665350000000001
0754.jpg,0.8409280000000001
0755.jpg,0.6478229999999999
0756.jpg,0.715202
0757.jpg,0.709535
0758.jpg,0.713095
0759.jpg,0.609997
0760.jpg,0.691617
0761.jpg,0.65008
0762.jpg,0.009751
0763.jpg,0.718621
0764.jpg,0.108554
0765.jpg,0.234778
0766.jpg,0.13975
0767.jpg,0.251106
0768.jpg,0.622062
0769.jpg,0.6275390000000001
0770.jpg,0.663617
0771.jpg,0.257722
0772.jpg,0.6832239999999999
0773.jpg,0.598384
0774.jpg,0.750582
0775.jpg,0.092575
0776.jpg,0.6442720000000001
0777.jpg,0.8093199999999999
0778.jpg,0.738858
0779.jpg,0.690675
0780.jpg,0.6752819999999999
0781.jpg,0.241898
0782.jpg,0.799446
0783.jpg,0.8493120000000001
0784.jpg,0.6613859999999999
0785.jpg,0.172727
0786.jpg,0.679767
0787.jpg,0.4950859999999999
0788.jpg,0.59527
0789.jpg,0.030199
0790.jpg,0.644684
0791.jpg,0.711674
0792.jpg,0.6499010000000001
0793.jpg,0.6363979999999999
0794.jpg,0.439125
0795.jpg,0.983516
0796.jpg,0.689718
0797.jpg,0.685669
0798.jpg,0.985278
0799.jpg,0.006271
0800.jpg,0.586947
0801.jpg,0.61387
0802.jpg,0.999992
0803.jpg,0.7424310000000001
0804.jpg,0.706801
0805.jpg,0.6568430000000001
0806.jpg,0.774135
0807.jpg,0.524179
0808.jpg,0.7159989999999999
0809.jpg,0.723546
0810.jpg,0.72119
0811.jpg,0.266958
0812.jpg,0.710023
0813.jpg,0.688439
0814.jpg,0.660543
0815.jpg,0.8861760000000001
0816.jpg,0.065296
0817.jpg,0.733279
0818.jpg,0.727312
0819.jpg,0.991756
0820.jpg,0.715827
0821.jpg,0.664276
0822.jpg,0.488277
0823.jpg,0.7749229999999999
0824.jpg,0.206976
0825.jpg,0.720973
0826.jpg,0.66278
0827.jpg,0.6033930000000001
0828.jpg,0.591883
0829.jpg,0.208465
0830.jpg,0.998157
0831.jpg,0.7296060000000001
0832.jpg,0.7918729999999999
0833.jpg,0.999863
0834.jpg,0.615105
0835.jpg,0.2467489999999999
0836.jpg,0.6271220000000001
0837.jpg,0.999873
0838.jpg,0.6927479999999999
0839.jpg,0.653564
0840.jpg,0.11585
0841.jpg,0.982389
0842.jpg,0.697937
0843.jpg,0.631652
0844.jpg,0.879093
0845.jpg,0.972854
0846.jpg,0.711655
0847.jpg,0.999999
0848.jpg,0.566821
0849.jpg,0.751337
0850.jpg,0.7067399999999999
0851.jpg,0.570137
0852.jpg,0.999941
0853.jpg,0.717916
0854.jpg,0.15894
0855.jpg,0.124144
0856.jpg,0.714431
0857.jpg,0.989065
0858.jpg,0.7593850000000001
0859.jpg,0.559773
0860.jpg,0.999995
0861.jpg,0.144721
0862.jpg,0.758992
0863.jpg,0.599893
0864.jpg,0.255367
0865.jpg,0.763217
0866.jpg,0.172427
0867.jpg,0.669219
0868.jpg,0.86906
0869.jpg,0.592444
0870.jpg,0.067854
0871.jpg,0.614179
0872.jpg,0.6916479999999999
0873.jpg,0.998896
0874.jpg,0.290757
0875.jpg,0.594256
0876.jpg,0.734567
0877.jpg,0.783559
0878.jpg,0.731486
0879.jpg,0.024184
0880.jpg,0.746007
0881.jpg,0.700707
0882.jpg,0.726424
0883.jpg,0.6357649999999999
0884.jpg,0.699882
0885.jpg,0.645951
0886.jpg,0.711136
0887.jpg,0.561055
0888.jpg,0.677171
0889.jpg,0.918475
0890.jpg,0.5788300000000001
0891.jpg,0.0103629999999999
0892.jpg,0.015053
0893.jpg,0.072862
0894.jpg,0.718367
0895.jpg,0.682746
0896.jpg,0.729213
0897.jpg,0.665231
0898.jpg,0.6448189999999999
0899.jpg,0.645069
0900.jpg,0.99999
0901.jpg,0.566809
0902.jpg,0.659034
0903.jpg,0.528395
0904.jpg,0.571559
0905.jpg,0.539949
0906.jpg,0.120239
0907.jpg,0.53661
0908.jpg,0.209198
0909.jpg,0.003906
0910.jpg,0.721548
0911.jpg,0.084982
0912.jpg,0.188893
0913.jpg,0.253277
0914.jpg,0.7709590000000001
0915.jpg,0.6747850000000001
0916.jpg,0.996373
0917.jpg,0.6226970000000001
0918.jpg,0.6899350000000001
0919.jpg,0.270117
0920.jpg,0.646605
0921.jpg,0.901106
0922.jpg,1.0
0923.jpg,0.738204
0924.jpg,0.68371
0925.jpg,0.666035
0926.jpg,1.0
0927.jpg,0.736895
0928.jpg,0.727056
0929.jpg,0.229043
0930.jpg,0.939245
0931.jpg,0.625638
0932.jpg,0.598526
0933.jpg,0.90811
0934.jpg,0.6880029999999999
0935.jpg,0.7086319999999999
0936.jpg,0.54579
0937.jpg,0.532852
0938.jpg,0.6833560000000001
0939.jpg,0.6165390000000001
0940.jpg,0.688257
0941.jpg,0.725908
0942.jpg,0.7154
0943.jpg,0.7123550000000001
0944.jpg,0.754591
0945.jpg,0.686213
0946.jpg,0.695071
0947.jpg,0.999949
0948.jpg,0.8276309999999999
0949.jpg,0.295113
0950.jpg,0.612356
0951.jpg,0.055013
0952.jpg,0.8906200000000001
0953.jpg,0.714494
0954.jpg,0.406069
0955.jpg,0.043341
0956.jpg,0.527834
0957.jpg,0.730299
0958.jpg,0.016279
0959.jpg,0.524961
0960.jpg,0.996951
0961.jpg,0.814842
0962.jpg,0.8849379999999999
0963.jpg,0.727532
0964.jpg,0.771846
0965.jpg,0.54172
0966.jpg,0.153347
0967.jpg,0.971643
0968.jpg,0.6584399999999999
0969.jpg,0.2761639999999999
0970.jpg,0.972377
0971.jpg,0.670852
0972.jpg,0.721321
0973.jpg,0.43094
0974.jpg,0.1267829999999999
0975.jpg,0.028644
0976.jpg,0.1043859999999999
0977.jpg,0.70324
0978.jpg,0.611642
0979.jpg,0.671451
0980.jpg,0.916443
0981.jpg,0.999999
0982.jpg,0.664116
0983.jpg,0.555624
0984.jpg,0.470593
0985.jpg,0.683505
0986.jpg,0.679551
0987.jpg,1.0
0988.jpg,0.003511
0989.jpg,0.999998
0990.jpg,0.5365310000000001
0991.jpg,0.715017
0992.jpg,0.5908220000000001
0993.jpg,0.936663
0994.jpg,0.735644
0995.jpg,0.7481270000000001
0996.jpg,0.6656989999999999
0997.jpg,0.7474729999999999
0998.jpg,0.6664720000000001
0999.jpg,0.784712
1000.jpg,0.762659
1001.jpg,0.6327550000000001
1002.jpg,0.992298
1003.jpg,0.784022
1004.jpg,0.649989
1005.jpg,0.736542
1006.jpg,0.147045
1007.jpg,0.495962
1008.jpg,0.704368
1009.jpg,0.6127779999999999
1010.jpg,0.738624
1011.jpg,0.677391
1012.jpg,0.044058
1013.jpg,0.724159
1014.jpg,0.695118
1015.jpg,0.665787
1016.jpg,0.743992
1017.jpg,0.7849189999999999
1018.jpg,0.918393
1019.jpg,0.772545
1020.jpg,0.062797
1021.jpg,0.207823
1022.jpg,0.6937270000000001
1023.jpg,0.702573
1024.jpg,0.667751
1025.jpg,0.594658
1026.jpg,0.999999
1027.jpg,0.659051
1028.jpg,0.715571
1029.jpg,0.998462
1030.jpg,0.031612
1031.jpg,0.5754520000000001
1032.jpg,0.5012850000000001
1033.jpg,0.571397
1034.jpg,0.95829
1035.jpg,0.505232
1036.jpg,0.539273
1037.jpg,0.833432
1038.jpg,0.7105779999999999
1039.jpg,0.742888
1040.jpg,0.8940620000000001
1041.jpg,0.753076
1042.jpg,0.263094
1043.jpg,0.7002520000000001
1044.jpg,0.741364
1045.jpg,0.60621
1046.jpg,0.675153
1047.jpg,0.813876
1048.jpg,0.657885
1049.jpg,0.931583
1050.jpg,0.999999
1051.jpg,0.5612779999999999
1052.jpg,0.613079
1053.jpg,0.616108
1054.jpg,0.618881
1055.jpg,1.0
1056.jpg,0.677271
1057.jpg,0.569036
1058.jpg,0.527539
1059.jpg,0.562789
1060.jpg,0.005311
1061.jpg,0.803938
1062.jpg,0.698296
1063.jpg,0.495816
1064.jpg,0.7427159999999999
1065.jpg,0.882624
1066.jpg,0.804513
1067.jpg,0.467383
1068.jpg,0.786736
1069.jpg,0.830628
1070.jpg,0.6830430000000001
1071.jpg,0.4953
1072.jpg,0.702892
1073.jpg,0.802403
1074.jpg,0.708879
1075.jpg,0.724254
1076.jpg,0.668103
1077.jpg,0.477527
1078.jpg,0.2752449999999999
1079.jpg,0.182728
1080.jpg,0.7260989999999999
1081.jpg,0.529306
1082.jpg,0.627153
1083.jpg,0.647446
1084.jpg,0.069543
1085.jpg,0.4809479999999999
1086.jpg,0.716737
1087.jpg,0.205346
1088.jpg,0.999997
1089.jpg,0.270806
1090.jpg,0.999999
1091.jpg,0.607009
1092.jpg,0.001544
1093.jpg,0.795125
1094.jpg,0.691168
1095.jpg,0.643922
1096.jpg,0.7341850000000001
1097.jpg,0.695329
1098.jpg,0.664817
1099.jpg,0.580048
1100.jpg,0.606754
1101.jpg,0.711975
1102.jpg,0.222434
1103.jpg,0.6837489999999999
1104.jpg,0.178594
1105.jpg,0.99991
1106.jpg,0.289367
1107.jpg,0.6559159999999999
1108.jpg,0.374509
1109.jpg,0.694504
1110.jpg,1.0
1111.jpg,0.819426
1112.jpg,0.670089
1113.jpg,0.811405
1114.jpg,0.999999
1115.jpg,0.672968
1116.jpg,0.682944
1117.jpg,0.99999
1118.jpg,0.722425
1119.jpg,0.537501
1120.jpg,1.0
1121.jpg,0.7686890000000001
1122.jpg,0.243733
1123.jpg,0.474181
1124.jpg,0.728405
1125.jpg,0.217419
1126.jpg,0.692666
1127.jpg,0.593909
1128.jpg,0.490418
1129.jpg,0.691183
1130.jpg,0.696865
1131.jpg,0.6079720000000001
1132.jpg,0.6464949999999999
1133.jpg,0.166757
1134.jpg,0.441704
1135.jpg,0.743537
1136.jpg,0.003668
1137.jpg,0.6147050000000001
1138.jpg,0.719006
1139.jpg,0.5895279999999999
1140.jpg,0.500814
1141.jpg,0.651903
1142.jpg,0.654529
1143.jpg,0.508258
1144.jpg,0.7007899999999999
1145.jpg,0.704235
1146.jpg,0.49451
1147.jpg,0.7052149999999999
1148.jpg,0.564634
1149.jpg,0.116493
1150.jpg,0.6661819999999999
1151.jpg,0.726626
1152.jpg,0.682567
1153.jpg,0.714701
1154.jpg,0.760666
1155.jpg,0.6523
1156.jpg,0.0566
1157.jpg,0.632613
1158.jpg,0.798743
1159.jpg,0.001764
1160.jpg,0.6756949999999999
1161.jpg,0.824516
1162.jpg,0.480668
1163.jpg,0.7585850000000001
1164.jpg,0.96313
1165.jpg,0.719083
1166.jpg,0.7529239999999999
1167.jpg,0.016128
1168.jpg,0.98458
1169.jpg,0.716581
1170.jpg,0.7237140000000001
1171.jpg,0.271542
1172.jpg,0.738176
1173.jpg,0.631671
1174.jpg,0.249231
1175.jpg,1.0
1176.jpg,0.999999
1177.jpg,0.708616
1178.jpg,0.999993
1179.jpg,0.725479
1180.jpg,0.999996
1181.jpg,1.0
1182.jpg,0.741807
1183.jpg,0.643652
1184.jpg,0.108647
1185.jpg,0.192944
1186.jpg,0.5474220000000001
1187.jpg,0.7026060000000001
1188.jpg,0.004565
1189.jpg,0.569383
1190.jpg,0.735479
1191.jpg,0.722223
1192.jpg,0.157781
1193.jpg,0.39959
1194.jpg,0.665355
1195.jpg,0.273764
1196.jpg,0.704043
1197.jpg,0.6150899999999999
1198.jpg,0.154222
1199.jpg,0.999647
1200.jpg,0.650791
1201.jpg,0.753321
1202.jpg,0.994417
1203.jpg,0.8816729999999999
1204.jpg,0.7320840000000001
1205.jpg,0.748139
1206.jpg,0.096439
1207.jpg,0.998126
1208.jpg,0.999999
1209.jpg,0.6444300000000001
1210.jpg,0.970954
1211.jpg,0.7525609999999999
1212.jpg,0.210401
1213.jpg,0.800814
1214.jpg,0.999952
1215.jpg,0.0718429999999999
1216.jpg,0.758918
1217.jpg,0.6664770000000001
1218.jpg,0.697203
1219.jpg,0.492693
1220.jpg,0.709397
1221.jpg,0.261642
1222.jpg,0.717178
1223.jpg,0.7009989999999999
1224.jpg,0.66025
1225.jpg,0.5836140000000001
1226.jpg,0.873283
1227.jpg,0.7126979999999999
1228.jpg,0.782223
1229.jpg,0.6970810000000001
1230.jpg,0.50116
1231.jpg,0.754758
1232.jpg,0.999664
1233.jpg,0.723108
1234.jpg,0.298767
1235.jpg,0.5863689999999999
1236.jpg,0.599087
1237.jpg,0.999867
1238.jpg,0.7118770000000001
1239.jpg,0.018392
1240.jpg,0.67062
1241.jpg,0.779563
1242.jpg,0.6925680000000001
1243.jpg,0.216076
1244.jpg,0.6365460000000001
1245.jpg,0.158001
1246.jpg,0.999998
1247.jpg,0.998365
1248.jpg,0.266083
1249.jpg,0.747312
1250.jpg,0.642702
1251.jpg,0.7606470000000001
1252.jpg,0.2373219999999999
1253.jpg,0.595746
1254.jpg,0.61161
1255.jpg,0.709929
1256.jpg,0.783025
1257.jpg,0.53617
1258.jpg,0.612171
1259.jpg,0.150117
1260.jpg,0.999998
1261.jpg,0.729496
1262.jpg,0.666273
1263.jpg,0.012328
1264.jpg,0.538299
1265.jpg,0.498119
1266.jpg,0.2490139999999999
1267.jpg,0.574588
1268.jpg,0.574421
1269.jpg,0.999999
1270.jpg,0.70495
1271.jpg,0.7969310000000001
1272.jpg,1.0
1273.jpg,0.750684
1274.jpg,0.936059
1275.jpg,0.084913
1276.jpg,0.494408
1277.jpg,0.615869
1278.jpg,0.20494
1279.jpg,0.668886
1280.jpg,0.681473
1281.jpg,0.678237
1282.jpg,0.751671
1283.jpg,0.744056
1284.jpg,0.572145
1285.jpg,0.781578
1286.jpg,0.7033159999999999
1287.jpg,0.738593
1288.jpg,0.535489
1289.jpg,0.675311
1290.jpg,0.657335
1291.jpg,0.003425
1292.jpg,0.003434
1293.jpg,0.6046199999999999
1294.jpg,1.0
1295.jpg,0.692245
1296.jpg,0.006585
1297.jpg,0.842261
1298.jpg,0.782046
1299.jpg,0.066594
1300.jpg,0.754202
1301.jpg,0.7069810000000001
1302.jpg,0.581341
1303.jpg,0.840058
1304.jpg,0.0103959999999999
1305.jpg,0.534035
1306.jpg,0.999999
1307.jpg,0.603446
1308.jpg,0.042293
1309.jpg,0.748155
1310.jpg,0.623663
1311.jpg,0.49445
1312.jpg,1.0
1313.jpg,0.764766
1314.jpg,0.999913
1315.jpg,0.931877
1316.jpg,0.1827
1317.jpg,0.640299
1318.jpg,0.796629
1319.jpg,0.50988
1320.jpg,0.616849
1321.jpg,0.796493
1322.jpg,0.982654
1323.jpg,0.583711
1324.jpg,0.684138
1325.jpg,0.062382
1326.jpg,0.578708
1327.jpg,0.525462
1328.jpg,0.427912
1329.jpg,0.998666
1330.jpg,0.706113
1331.jpg,0.145371
1332.jpg,0.856698
1333.jpg,0.6836
1334.jpg,0.1492359999999999
1335.jpg,0.455827
1336.jpg,1.0
1337.jpg,0.690021
1338.jpg,0.5592630000000001
1339.jpg,0.020101
1340.jpg,1.0
1341.jpg,0.55266
1342.jpg,0.713631
1343.jpg,0.691657
1344.jpg,0.674671
1345.jpg,0.008189
1346.jpg,0.7191850000000001
1347.jpg,0.999998
1348.jpg,0.999938
1349.jpg,0.000805
1350.jpg,0.599226
1351.jpg,0.551651
1352.jpg,0.690207
1353.jpg,0.714731
1354.jpg,0.065161
1355.jpg,0.997494
1356.jpg,0.5677939999999999
1357.jpg,0.062591
1358.jpg,0.7349720000000001
1359.jpg,0.582147
1360.jpg,0.996255
1361.jpg,0.645609
1362.jpg,0.586546
1363.jpg,0.487106
1364.jpg,0.136851
1365.jpg,0.661521
1366.jpg,0.632998
1367.jpg,0.234861
1368.jpg,1.0
1369.jpg,0.999999
1370.jpg,0.2252429999999999
1371.jpg,0.587771
1372.jpg,0.741649
1373.jpg,0.7121850000000001
1374.jpg,0.070696
1375.jpg,0.020446
1376.jpg,0.178991
1377.jpg,0.6930930000000001
1378.jpg,0.767176
1379.jpg,0.675108
1380.jpg,0.999999
1381.jpg,0.6093890000000001
1382.jpg,0.778979
1383.jpg,0.041983
1384.jpg,0.025351
1385.jpg,0.506984
1386.jpg,0.004105
1387.jpg,0.983754
1388.jpg,0.001643
1389.jpg,0.016442
1390.jpg,0.767737
1391.jpg,0.064071
1392.jpg,0.930582
1393.jpg,0.973597
1394.jpg,0.022514
1395.jpg,0.6294
1396.jpg,0.226964
1397.jpg,0.999969
1398.jpg,0.6235930000000001
1399.jpg,0.780285
1400.jpg,0.762368
1401.jpg,0.999876
1402.jpg,0.562767
1403.jpg,0.0574289999999999
1404.jpg,0.800227
1405.jpg,0.583525
1406.jpg,0.5179189999999999
1407.jpg,0.999867
1408.jpg,0.628734
1409.jpg,0.091813
1410.jpg,0.718226
1411.jpg,0.6932590000000001
1412.jpg,0.715336
1413.jpg,0.469863
1414.jpg,0.550624
1415.jpg,0.674196
1416.jpg,0.991241
1417.jpg,0.678313
1418.jpg,0.409392
1419.jpg,0.6630229999999999
1420.jpg,0.635065
1421.jpg,0.999096
1422.jpg,0.168321
1423.jpg,0.917875
1424.jpg,0.226107
1425.jpg,0.664143
1426.jpg,1.0
1427.jpg,0.742111
1428.jpg,0.999992
1429.jpg,0.702723
1430.jpg,0.072744
1431.jpg,0.984313
1432.jpg,0.262892
1433.jpg,0.7655029999999999
1434.jpg,0.64735
1435.jpg,0.684413
1436.jpg,0.007643
1437.jpg,0.7724989999999999
1438.jpg,0.99999
1439.jpg,0.694063
1440.jpg,0.773617
1441.jpg,0.739976
1442.jpg,0.002653
1443.jpg,0.837333
1444.jpg,0.471029
1445.jpg,0.627707
1446.jpg,0.999408
1447.jpg,0.663708
1448.jpg,0.681261
1449.jpg,0.2817659999999999
1450.jpg,0.604217
1451.jpg,0.719019
1452.jpg,0.580017
1453.jpg,0.695385
1454.jpg,0.538515
1455.jpg,0.672534
1456.jpg,0.6912510000000001
1457.jpg,0.591213
1458.jpg,0.767259
1459.jpg,0.724604
1460.jpg,0.670317
1461.jpg,0.925095
1462.jpg,0.777779
1463.jpg,0.762105
1464.jpg,0.793063
1465.jpg,0.022867
1466.jpg,0.2419079999999999
1467.jpg,0.871818
1468.jpg,0.091647
1469.jpg,0.203728
1470.jpg,0.706913
1471.jpg,1.0
1472.jpg,0.612896
1473.jpg,0.642484
1474.jpg,0.56242
1475.jpg,0.690109
1476.jpg,0.718839
1477.jpg,0.546959
1478.jpg,0.031105
1479.jpg,0.669004
1480.jpg,0.999972
1481.jpg,0.697803
1482.jpg,0.002641
1483.jpg,0.507545
1484.jpg,0.8499040000000001
1485.jpg,0.016535
1486.jpg,0.6567430000000001
1487.jpg,0.616083
1488.jpg,0.097448
1489.jpg,0.656042
1490.jpg,0.5338930000000001
1491.jpg,0.611873
1492.jpg,1.0
1493.jpg,1.0
1494.jpg,0.734575
1495.jpg,0.8117810000000001
1496.jpg,0.2679829999999999
1497.jpg,0.754606
1498.jpg,0.629255
1499.jpg,0.999995
1500.jpg,0.370338
1501.jpg,0.139462
1502.jpg,0.7935409999999999
1503.jpg,0.936959
1504.jpg,0.722607
1505.jpg,0.78583
1506.jpg,0.093093
1507.jpg,0.738075
1508.jpg,0.951543
1509.jpg,0.669234
1510.jpg,0.8589319999999999
1511.jpg,0.627754
1512.jpg,0.866231
1513.jpg,0.999263
1514.jpg,0.785754
1515.jpg,0.656349
1516.jpg,0.7582949999999999
1517.jpg,0.165827
1518.jpg,0.782532
1519.jpg,0.700217
1520.jpg,0.7864939999999999
1521.jpg,0.476224
1522.jpg,0.273266
1523.jpg,0.136913
1524.jpg,0.097913
1525.jpg,0.688487
1526.jpg,0.772828
1527.jpg,0.613202
1528.jpg,0.8811610000000001
1529.jpg,0.519364
1530.jpg,0.1683319999999999
1531.jpg,0.7023
1532.jpg,0.8202370000000001
1533.jpg,0.561603
1534.jpg,0.999648
1535.jpg,0.660583
1536.jpg,0.021253
1537.jpg,0.565049
1538.jpg,0.594875
1539.jpg,0.76258
1540.jpg,0.5426850000000001
1541.jpg,0.961759
1542.jpg,0.956466
1543.jpg,0.956169
1544.jpg,0.715121
1545.jpg,0.7424890000000001
1546.jpg,0.999997
1547.jpg,0.541084
1548.jpg,0.790722
1549.jpg,0.753414
1550.jpg,0.536119
1551.jpg,0.71134
1552.jpg,0.684817
1553.jpg,1.0
1554.jpg,0.728093
1555.jpg,0.215227
1556.jpg,0.617013
1557.jpg,0.664049
1558.jpg,0.424972
1559.jpg,1.0
1560.jpg,0.560154
1561.jpg,0.626881
1562.jpg,0.6750079999999999
1563.jpg,0.257736
1564.jpg,0.6407189999999999
1565.jpg,0.683471
1566.jpg,0.999893
1567.jpg,0.643462
1568.jpg,0.478268
1569.jpg,0.659255
1570.jpg,0.677288
1571.jpg,0.136951
1572.jpg,0.2948719999999999
1573.jpg,0.994217
1574.jpg,0.721471
1575.jpg,0.5384439999999999
1576.jpg,0.639463
1577.jpg,0.581957
1578.jpg,0.646859
1579.jpg,0.976226
1580.jpg,0.6624180000000001
1581.jpg,0.989336
1582.jpg,0.741758
1583.jpg,0.693938
1584.jpg,0.962502
1585.jpg,0.797041
1586.jpg,0.058223
1587.jpg,0.7330899999999999
1588.jpg,0.003549
1589.jpg,0.999589
1590.jpg,0.616206
1591.jpg,0.989994
1592.jpg,0.7059300000000001
1593.jpg,0.006715
1594.jpg,0.844339
1595.jpg,0.6699
1596.jpg,0.630067
1597.jpg,0.662528
1598.jpg,0.806828
1599.jpg,0.7135050000000001
1600.jpg,0.693785
1601.jpg,0.068171
1602.jpg,0.707643
1603.jpg,0.641107
1604.jpg,0.704227
1605.jpg,0.73785
1606.jpg,0.089018
1607.jpg,0.8265100000000001
1608.jpg,0.48488
1609.jpg,0.734488
1610.jpg,0.7523989999999999
1611.jpg,0.96253
1612.jpg,0.740789
1613.jpg,0.657046
1614.jpg,0.5519149999999999
1615.jpg,0.999702
1616.jpg,0.607589
1617.jpg,0.7671600000000001
1618.jpg,0.681621
1619.jpg,0.600971
1620.jpg,0.623582
1621.jpg,0.66995
1622.jpg,0.656492
1623.jpg,0.70726
1624.jpg,0.968356
1625.jpg,0.807555
1626.jpg,0.846766
1627.jpg,0.939915
1628.jpg,0.709924
1629.jpg,0.6934
1630.jpg,0.7919970000000001
1631.jpg,0.999881
1632.jpg,0.8325629999999999
1633.jpg,0.730689
1634.jpg,0.745934
1635.jpg,0.679979
1636.jpg,0.2433139999999999
1637.jpg,0.005044
1638.jpg,0.69394
1639.jpg,0.616351
1640.jpg,0.7802979999999999
1641.jpg,0.905104
1642.jpg,0.671506
1643.jpg,0.393703
1644.jpg,0.728019
1645.jpg,0.6533640000000001
1646.jpg,0.539333
1647.jpg,0.7494350000000001
1648.jpg,0.753395
1649.jpg,0.7027899999999999
1650.jpg,0.067572
1651.jpg,0.690239
1652.jpg,0.349668
1653.jpg,0.28058
1654.jpg,0.74558
1655.jpg,0.099442
1656.jpg,0.63261
1657.jpg,0.521659
1658.jpg,0.755862
1659.jpg,0.98534
1660.jpg,0.696284
1661.jpg,0.999986
1662.jpg,0.39053
1663.jpg,0.028959
1664.jpg,0.786826
1665.jpg,0.999999
1666.jpg,0.004185
1667.jpg,0.615757
1668.jpg,0.7037939999999999
1669.jpg,0.933157
1670.jpg,0.456608
1671.jpg,0.216836
1672.jpg,0.64672
1673.jpg,0.241157
1674.jpg,0.804042
1675.jpg,0.663247
1676.jpg,0.701883
1677.jpg,0.126225
1678.jpg,0.679474
1679.jpg,0.6049359999999999
1680.jpg,0.515934
1681.jpg,0.262424
1682.jpg,0.138899
1683.jpg,0.99912
1684.jpg,0.773354
1685.jpg,0.169077
1686.jpg,0.68429
1687.jpg,0.71937
1688.jpg,0.706175
1689.jpg,0.8276450000000001
1690.jpg,0.2171719999999999
1691.jpg,0.675613
1692.jpg,0.62608
1693.jpg,0.985267
1694.jpg,0.771375
1695.jpg,0.650209
1696.jpg,0.71529
1697.jpg,0.0695539999999999
1698.jpg,0.905205
1699.jpg,0.703763
1700.jpg,0.6463220000000001
1701.jpg,0.692454
1702.jpg,0.140644
1703.jpg,0.69286
1704.jpg,0.2846619999999999
1705.jpg,0.5125350000000001
1706.jpg,0.6740149999999999
1707.jpg,0.8356299999999999
1708.jpg,0.222419
1709.jpg,0.631271
1710.jpg,0.72632
1711.jpg,0.7550279999999999
1712.jpg,0.698389
1713.jpg,0.797099
1714.jpg,0.579082
1715.jpg,0.696059
1716.jpg,0.56104
1717.jpg,1.0
1718.jpg,0.277334
1719.jpg,0.731571
1720.jpg,0.296815
1721.jpg,0.757451
1722.jpg,0.707128
1723.jpg,0.246498
1724.jpg,0.754424
1725.jpg,0.011678
1726.jpg,0.002456
1727.jpg,0.802809
1728.jpg,0.612705
1729.jpg,0.718411
1730.jpg,0.684846
1731.jpg,0.606299
1732.jpg,0.577333
1733.jpg,0.65346
1734.jpg,0.237609
1735.jpg,0.991513
1736.jpg,1.0
1737.jpg,0.856143
1738.jpg,0.665162
1739.jpg,0.516187
1740.jpg,0.677315
1741.jpg,0.632523
1742.jpg,0.686132
1743.jpg,0.630356
1744.jpg,0.736887
1745.jpg,0.690611
1746.jpg,0.720375
1747.jpg,0.705649
1748.jpg,0.246475
1749.jpg,0.678463
1750.jpg,0.663604
1751.jpg,0.650459
1752.jpg,0.6126699999999999
1753.jpg,0.756667
1754.jpg,0.670246
1755.jpg,0.707088
1756.jpg,0.719769
1757.jpg,0.5603090000000001
1758.jpg,0.630644
1759.jpg,0.720904
1760.jpg,0.271908
1761.jpg,0.29472
1762.jpg,0.584324
1763.jpg,0.629567
1764.jpg,0.185695
1765.jpg,0.768133
1766.jpg,1.0
1767.jpg,0.5545859999999999
1768.jpg,0.962705
1769.jpg,0.655245
1770.jpg,0.624737
1771.jpg,0.718477
1772.jpg,0.678706
1773.jpg,0.522508
1774.jpg,0.031154
1775.jpg,0.657734
1776.jpg,0.671426
1777.jpg,0.5904689999999999
1778.jpg,0.647655
1779.jpg,0.0320089999999999
1780.jpg,0.777133
1781.jpg,0.6425770000000001
1782.jpg,0.743729
1783.jpg,0.619784
1784.jpg,0.5284949999999999
1785.jpg,0.6251979999999999
1786.jpg,0.111916
1787.jpg,0.287221
1788.jpg,0.156448
1789.jpg,0.739661
1790.jpg,0.543013
1791.jpg,0.627101
1792.jpg,0.895236
1793.jpg,0.7377819999999999
1794.jpg,0.614323
1795.jpg,0.733647
1796.jpg,0.5897020000000001
1797.jpg,0.038346
1798.jpg,0.589896
1799.jpg,0.6598689999999999
1800.jpg,0.71533
1801.jpg,0.4341609999999999
1802.jpg,0.572897
1803.jpg,0.723621
1804.jpg,0.678395
1805.jpg,0.27274
1806.jpg,0.726432
1807.jpg,0.29656
1808.jpg,0.680074
1809.jpg,0.483695
1810.jpg,0.054465
1811.jpg,0.533875
1812.jpg,0.528804
1813.jpg,0.734113
1814.jpg,0.644092
1815.jpg,0.047258
1816.jpg,0.6746880000000001
1817.jpg,0.805044
1818.jpg,0.551579
1819.jpg,0.999995
1820.jpg,0.74024
1821.jpg,0.7087140000000001
1822.jpg,0.608514
1823.jpg,0.999999
1824.jpg,0.665926
1825.jpg,1.0
1826.jpg,0.767911
1827.jpg,0.459771
1828.jpg,0.656936
1829.jpg,0.999073
1830.jpg,0.284469
1831.jpg,0.803247
1832.jpg,0.6025149999999999
1833.jpg,0.271078
1834.jpg,0.130125
1835.jpg,0.5820529999999999
1836.jpg,0.999434
1837.jpg,0.556704
1838.jpg,0.636679
1839.jpg,0.651459
1840.jpg,0.0558549999999999
1841.jpg,0.802451
1842.jpg,0.671968
1843.jpg,0.47266
1844.jpg,0.764984
1845.jpg,0.615588
1846.jpg,0.6586350000000001
1847.jpg,0.729697
1848.jpg,0.999981
1849.jpg,0.294553
1850.jpg,0.203658
1851.jpg,0.000364
1852.jpg,0.7042069999999999
1853.jpg,0.708337
1854.jpg,0.659265
1855.jpg,0.511234
1856.jpg,0.708529
1857.jpg,0.420767
1858.jpg,0.7383069999999999
1859.jpg,0.707486
1860.jpg,0.761487
1861.jpg,0.6065619999999999
1862.jpg,0.903116
1863.jpg,0.625005
1864.jpg,0.8544120000000001
1865.jpg,0.205395
1866.jpg,0.750508
1867.jpg,1.0
1868.jpg,0.712317
1869.jpg,0.6043430000000001
1870.jpg,0.651116
1871.jpg,0.708793
1872.jpg,0.750343
1873.jpg,0.700184
1874.jpg,0.036355
1875.jpg,0.497954
1876.jpg,0.808075
1877.jpg,0.6166050000000001
1878.jpg,0.999969
1879.jpg,0.713973
1880.jpg,1.0
1881.jpg,0.99841
1882.jpg,0.755213
1883.jpg,0.247732
1884.jpg,0.7177399999999999
1885.jpg,0.280947
1886.jpg,0.6654800000000001
1887.jpg,0.580924
1888.jpg,0.6464449999999999
1889.jpg,0.5350560000000001
1890.jpg,0.010481
1891.jpg,0.732694
1892.jpg,0.457995
1893.jpg,0.582118
1894.jpg,0.703386
1895.jpg,0.611005
1896.jpg,0.999996
1897.jpg,0.702434
1898.jpg,0.954561
1899.jpg,0.668362
1900.jpg,0.5023770000000001
1901.jpg,0.970547
1902.jpg,0.359454
1903.jpg,0.582233
1904.jpg,0.78171
1905.jpg,0.94537
1906.jpg,0.645235
1907.jpg,0.5774590000000001
1908.jpg,0.687531
1909.jpg,0.02861
1910.jpg,5.3e-05
1911.jpg,0.8658610000000001
1912.jpg,0.113075
1913.jpg,0.139356
1914.jpg,0.970723
1915.jpg,0.55742
1916.jpg,0.672909
1917.jpg,0.5500470000000001
1918.jpg,0.755355
1919.jpg,0.645908
1920.jpg,0.6855
1921.jpg,0.5081220000000001
1922.jpg,0.70336
1923.jpg,0.977828
1924.jpg,0.603121
1925.jpg,0.6507069999999999
1926.jpg,0.570658
1927.jpg,0.7493890000000001
1928.jpg,0.975252
1929.jpg,0.106524
1930.jpg,0.611758
1931.jpg,0.622542
1932.jpg,0.718577
1933.jpg,0.578082
1934.jpg,0.299607
1935.jpg,0.763163
1936.jpg,0.697013
1937.jpg,0.6752859999999999
1938.jpg,0.786981
1939.jpg,0.291857
1940.jpg,0.91435
1941.jpg,0.996333
1942.jpg,0.717542
1943.jpg,0.919426
1944.jpg,0.650623
1945.jpg,0.630822
1946.jpg,0.72153
1947.jpg,0.64298
1948.jpg,0.6871149999999999
1949.jpg,0.693162
1950.jpg,0.999827
1951.jpg,0.281995
1952.jpg,0.717176
1953.jpg,0.93783
1954.jpg,0.621109
1955.jpg,0.062099
1956.jpg,0.8124439999999999
1957.jpg,0.999933
1958.jpg,0.7801739999999999
1959.jpg,0.196663
1960.jpg,0.062298
1961.jpg,0.963761
1962.jpg,0.690264
1963.jpg,0.958828
1964.jpg,0.447354
1965.jpg,0.720128
1966.jpg,0.8005359999999999
1967.jpg,0.755472
1968.jpg,0.550094
1969.jpg,0.647423
1970.jpg,0.062139
1971.jpg,0.685481
1972.jpg,0.659748
1973.jpg,0.958667
1974.jpg,0.738717
1975.jpg,0.277142
1976.jpg,0.27271
1977.jpg,0.6952659999999999
1978.jpg,0.0065829999999999
1979.jpg,0.705715
1980.jpg,0.613062
1981.jpg,0.7168939999999999
1982.jpg,0.749396
1983.jpg,0.684824
1984.jpg,0.640883
1985.jpg,0.675534
1986.jpg,0.711015
1987.jpg,0.765319
1988.jpg,0.506795
1989.jpg,0.739729
1990.jpg,0.728336
1991.jpg,0.269738
1992.jpg,0.965433
1993.jpg,0.729267
1994.jpg,0.608097
1995.jpg,0.961552
1996.jpg,0.999995
1997.jpg,0.8242450000000001
1998.jpg,0.69
1999.jpg,0.229155
2000.jpg,0.134929
2001.jpg,0.699705
2002.jpg,0.465267
2003.jpg,0.662994
2004.jpg,0.611282
2005.jpg,0.164155
2006.jpg,0.656683
2007.jpg,1.0
2008.jpg,0.636742
2009.jpg,0.641496
2010.jpg,0.6611670000000001
2011.jpg,0.0131759999999999
2012.jpg,0.057838
2013.jpg,0.037773
2014.jpg,0.6359739999999999
2015.jpg,0.99999
2016.jpg,0.60925
2017.jpg,0.948092
2018.jpg,0.675719
2019.jpg,0.722184
2020.jpg,0.096669
2021.jpg,0.232052
2022.jpg,0.28509
2023.jpg,0.2866599999999999
2024.jpg,0.744224
2025.jpg,0.626179
2026.jpg,0.004201
2027.jpg,0.695155
2028.jpg,0.701278
2029.jpg,0.685591
2030.jpg,0.591044
2031.jpg,0.749765
2032.jpg,0.258182
2033.jpg,0.600362
2034.jpg,0.996486
2035.jpg,0.688408
2036.jpg,0.700616
2037.jpg,0.656299
2038.jpg,0.77344
2039.jpg,0.10088
2040.jpg,0.006265
2041.jpg,0.851485
2042.jpg,0.49481
2043.jpg,0.937264
2044.jpg,0.6527149999999999
2045.jpg,0.092463
2046.jpg,0.734012
2047.jpg,0.646597
2048.jpg,0.529786
2049.jpg,0.173841
2050.jpg,0.675555
2051.jpg,0.893192
2052.jpg,0.710599
2053.jpg,0.697229
2054.jpg,0.7429140000000001
2055.jpg,0.704587
2056.jpg,0.7538020000000001
2057.jpg,0.966037
2058.jpg,0.1231869999999999
2059.jpg,0.279335
2060.jpg,0.633788
2061.jpg,0.653532
2062.jpg,0.234855
2063.jpg,0.5281899999999999
2064.jpg,0.011645
2065.jpg,0.000124
2066.jpg,0.711381
2067.jpg,0.111199
2068.jpg,0.673194
2069.jpg,0.65941
2070.jpg,0.28925
2071.jpg,0.999999
2072.jpg,0.755184
2073.jpg,0.0028989999999999
2074.jpg,0.634637
2075.jpg,0.173181
2076.jpg,0.6553800000000001
2077.jpg,0.985559
2078.jpg,0.297989
2079.jpg,0.883415
2080.jpg,0.6725760000000001
2081.jpg,0.6401720000000001
2082.jpg,0.252243
2083.jpg,0.003544
2084.jpg,0.483332
2085.jpg,0.216952
2086.jpg,0.6746800000000001
2087.jpg,0.651848
2088.jpg,0.299647
2089.jpg,0.768096
2090.jpg,0.497172
2091.jpg,0.507322
2092.jpg,0.963332
2093.jpg,0.203458
2094.jpg,0.700177
2095.jpg,0.041446
2096.jpg,0.660948
2097.jpg,0.7024779999999999
2098.jpg,0.768282
2099.jpg,0.693754
2100.jpg,0.05379
2101.jpg,0.770979
2102.jpg,0.659438
2103.jpg,0.72828
2104.jpg,0.522831
2105.jpg,0.661434
2106.jpg,0.681595
2107.jpg,0.7443
2108.jpg,0.587823
2109.jpg,0.00481
2110.jpg,0.777848
2111.jpg,0.0156639999999999
2112.jpg,0.776637
2113.jpg,0.646616
2114.jpg,0.005282
2115.jpg,0.707084
2116.jpg,0.874705
2117.jpg,0.8040609999999999
2118.jpg,0.6693479999999999
2119.jpg,0.7913819999999999
2120.jpg,0.721586
2121.jpg,0.70787
2122.jpg,0.689198
2123.jpg,0.746897
2124.jpg,0.59388
2125.jpg,0.687854
2126.jpg,0.612584
2127.jpg,0.711069
2128.jpg,0.523423
2129.jpg,0.0614309999999999
2130.jpg,0.999975
2131.jpg,0.508069
2132.jpg,0.679412
2133.jpg,0.666768
2134.jpg,0.725226
2135.jpg,0.765854
2136.jpg,0.472297
2137.jpg,0.143918
2138.jpg,0.747321
2139.jpg,0.790813
2140.jpg,0.693863
2141.jpg,0.057033
2142.jpg,0.832309
2143.jpg,0.576288
2144.jpg,0.467252
2145.jpg,0.6799189999999999
2146.jpg,0.997963
2147.jpg,0.575499
2148.jpg,0.732117
2149.jpg,0.639126
2150.jpg,0.683579
2151.jpg,0.999999
2152.jpg,0.034641
2153.jpg,0.705658
2154.jpg,0.705214
2155.jpg,0.485959
2156.jpg,4.1e-05
2157.jpg,0.769936
2158.jpg,0.606761
2159.jpg,0.070703
2160.jpg,0.576001
2161.jpg,0.962941
2162.jpg,0.638278
2163.jpg,0.636877
2164.jpg,0.192072
2165.jpg,0.5941029999999999
2166.jpg,0.717182
2167.jpg,0.620923
2168.jpg,0.755208
2169.jpg,0.692018
2170.jpg,0.141598
2171.jpg,0.727745
2172.jpg,0.716096
2173.jpg,0.890106
2174.jpg,0.588526
2175.jpg,0.777162
2176.jpg,0.596709
2177.jpg,0.731161
2178.jpg,0.851232
2179.jpg,0.45929
2180.jpg,0.462232
2181.jpg,0.66005
2182.jpg,0.6706840000000001
2183.jpg,0.64649
2184.jpg,0.6650020000000001
2185.jpg,0.612625
2186.jpg,0.774606
2187.jpg,0.999999
2188.jpg,0.5642
2189.jpg,0.515175
2190.jpg,0.565038
2191.jpg,0.653116
2192.jpg,0.644304
2193.jpg,0.563299
2194.jpg,0.094067
2195.jpg,0.534623
2196.jpg,0.228226
2197.jpg,0.610363
2198.jpg,0.998772
2199.jpg,0.970018
2200.jpg,0.176808
2201.jpg,0.6516430000000001
2202.jpg,0.712134
2203.jpg,0.678683
2204.jpg,1.0
2205.jpg,0.020968
2206.jpg,0.701762
2207.jpg,0.99484
2208.jpg,0.71421
2209.jpg,0.560963
2210.jpg,0.53455
2211.jpg,0.775586
2212.jpg,1.0
2213.jpg,0.0125379999999999
2214.jpg,0.764263
2215.jpg,0.676204
2216.jpg,0.150386
2217.jpg,0.487425
2218.jpg,0.175564
2219.jpg,0.705469
2220.jpg,0.5166270000000001
2221.jpg,0.988635
2222.jpg,0.8560770000000001
2223.jpg,0.262714
2224.jpg,0.291418
2225.jpg,0.7643260000000001
2226.jpg,0.030222
2227.jpg,0.999613
2228.jpg,0.668409
2229.jpg,0.6748109999999999
2230.jpg,0.661736
2231.jpg,0.930468
2232.jpg,0.73222
2233.jpg,0.92609
2234.jpg,0.95516
2235.jpg,0.6661130000000001
2236.jpg,0.587883
2237.jpg,0.627206
2238.jpg,0.572054
2239.jpg,0.805231
2240.jpg,0.7196199999999999
2241.jpg,0.711554
2242.jpg,0.999999
2243.jpg,0.788568
2244.jpg,0.698754
2245.jpg,0.999813
2246.jpg,0.701651
2247.jpg,0.706447
2248.jpg,0.733016
2249.jpg,0.999958
2250.jpg,0.60325
2251.jpg,1.0
2252.jpg,0.998768
2253.jpg,0.506271
2254.jpg,0.000144
2255.jpg,0.54551
2256.jpg,0.999989
2257.jpg,0.22574
2258.jpg,0.989054
2259.jpg,1.0
2260.jpg,0.091055
2261.jpg,0.653064
2262.jpg,0.999998
2263.jpg,0.657528
2264.jpg,0.717445
2265.jpg,0.6725180000000001
2266.jpg,0.727938
2267.jpg,0.201105
2268.jpg,0.93135
2269.jpg,0.516411
2270.jpg,0.7550600000000001
2271.jpg,0.983994
2272.jpg,0.749837
2273.jpg,0.164247
2274.jpg,0.703518
2275.jpg,0.680475
2276.jpg,0.775442
2277.jpg,0.751021
2278.jpg,0.5492239999999999
2279.jpg,0.636046
2280.jpg,0.880926
2281.jpg,0.724735
2282.jpg,0.8808870000000001
2283.jpg,0.475537
2284.jpg,0.606808
2285.jpg,0.4424149999999999
2286.jpg,0.999999
2287.jpg,0.647063
2288.jpg,0.591791
2289.jpg,0.750537
2290.jpg,0.99999
2291.jpg,0.930292
2292.jpg,0.290704
2293.jpg,0.79109
2294.jpg,0.999996
2295.jpg,0.7861060000000001
2296.jpg,0.5338350000000001
2297.jpg,0.904674
2298.jpg,0.551255
2299.jpg,0.773084
2300.jpg,0.740698
2301.jpg,0.666087
2302.jpg,0.858864
2303.jpg,0.766574
2304.jpg,0.8692489999999999
2305.jpg,0.744905
2306.jpg,0.779755
2307.jpg,0.998618
2308.jpg,0.49787
2309.jpg,0.699817
2310.jpg,0.479439
2311.jpg,1.0
2312.jpg,0.425246
2313.jpg,0.197231
2314.jpg,0.048145
2315.jpg,0.653404
2316.jpg,0.615221
2317.jpg,0.999993
2318.jpg,0.7297
2319.jpg,0.428355
2320.jpg,0.141377
2321.jpg,0.019775
2322.jpg,0.642386
2323.jpg,0.718357
2324.jpg,0.79371
2325.jpg,0.079189
2326.jpg,0.674042
2327.jpg,0.628027
2328.jpg,0.601334
2329.jpg,0.7216899999999999
2330.jpg,0.490741
2331.jpg,0.624001
2332.jpg,0.6590229999999999
2333.jpg,0.840441
2334.jpg,0.844618
2335.jpg,0.7494270000000001
2336.jpg,0.69492
2337.jpg,0.009791
2338.jpg,0.800289
2339.jpg,0.645659
2340.jpg,0.791091
2341.jpg,0.7889010000000001
2342.jpg,0.694867
2343.jpg,0.007823
2344.jpg,0.76886
2345.jpg,0.723478
2346.jpg,0.694634
2347.jpg,0.620204
2348.jpg,0.263973
2349.jpg,0.62208
2350.jpg,0.681476
2351.jpg,0.542154
2352.jpg,0.237401
2353.jpg,0.617664
2354.jpg,0.762993
2355.jpg,0.714695
2356.jpg,0.706851
2357.jpg,0.266757
2358.jpg,0.943193
2359.jpg,1.0
2360.jpg,0.8008029999999999
2361.jpg,0.995674
2362.jpg,0.401181
2363.jpg,0.17526
2364.jpg,0.215917
2365.jpg,0.999947
2366.jpg,0.657377
2367.jpg,0.7020850000000001
2368.jpg,0.7457550000000001
2369.jpg,0.666524
2370.jpg,0.633632
2371.jpg,0.47062
2372.jpg,0.8496530000000001
2373.jpg,0.752868
2374.jpg,0.464786
2375.jpg,0.720761
2376.jpg,0.775989
2377.jpg,0.778812
2378.jpg,0.058363
2379.jpg,0.939355
2380.jpg,0.5986819999999999
2381.jpg,0.587519
2382.jpg,0.5696260000000001
2383.jpg,0.933447
2384.jpg,0.1074079999999999
2385.jpg,0.704732
2386.jpg,0.663773
2387.jpg,0.0017699999999999
2388.jpg,0.93481
2389.jpg,0.719809
2390.jpg,0.8561780000000001
2391.jpg,0.6687069999999999
2392.jpg,0.550375
2393.jpg,0.611259
2394.jpg,1.0
2395.jpg,1.0
2396.jpg,0.70762
2397.jpg,0.822735
2398.jpg,0.742348
2399.jpg,1.0
2400.jpg,0.700665
2401.jpg,0.6803779999999999
2402.jpg,0.702104
2403.jpg,0.110001
2404.jpg,0.995761
2405.jpg,0.8722030000000001
2406.jpg,0.841993
2407.jpg,0.033632
2408.jpg,0.7020350000000001
2409.jpg,0.630434
2410.jpg,0.692192
2411.jpg,0.194579
2412.jpg,0.685483
2413.jpg,0.582781
2414.jpg,0.103728
2415.jpg,0.82483
2416.jpg,0.710649
2417.jpg,0.287476
2418.jpg,0.999863
2419.jpg,0.695335
2420.jpg,0.725947
2421.jpg,0.696495
2422.jpg,0.639579
2423.jpg,0.7006680000000001
2424.jpg,0.912134
2425.jpg,0.648875
2426.jpg,0.629336
2427.jpg,0.994571
2428.jpg,0.5865670000000001
2429.jpg,0.058073
2430.jpg,0.193429
2431.jpg,0.731112
2432.jpg,0.000334
2433.jpg,0.999999
2434.jpg,0.980791
2435.jpg,0.284886
2436.jpg,0.088215
2437.jpg,0.999994
2438.jpg,0.739412
2439.jpg,0.731597
2440.jpg,0.8303889999999999
2441.jpg,0.8962979999999999
2442.jpg,0.92892
2443.jpg,0.933911
2444.jpg,0.6880890000000001
2445.jpg,0.782229
2446.jpg,1.0
2447.jpg,0.811053
2448.jpg,0.710342
2449.jpg,0.64123
2450.jpg,0.581785
2451.jpg,0.591569
2452.jpg,0.659817
2453.jpg,0.78597
2454.jpg,0.666796
2455.jpg,0.7071970000000001
2456.jpg,0.651759
2457.jpg,0.7196130000000001
2458.jpg,0.909117
2459.jpg,0.665162
2460.jpg,0.0128659999999999
2461.jpg,0.516904
2462.jpg,0.639421
2463.jpg,0.637115
2464.jpg,0.999999
2465.jpg,0.047812
2466.jpg,0.506586
2467.jpg,0.274955
2468.jpg,0.049319
2469.jpg,0.561337
2470.jpg,0.995862
2471.jpg,0.744638
2472.jpg,0.111889
2473.jpg,0.601467
2474.jpg,0.656434
2475.jpg,0.15657
2476.jpg,0.616694
2477.jpg,0.64176
2478.jpg,0.404313
2479.jpg,0.699959
2480.jpg,0.693132
2481.jpg,0.632304
2482.jpg,0.7286819999999999
2483.jpg,0.6786369999999999
2484.jpg,0.6835289999999999
2485.jpg,0.683265
2486.jpg,0.286667
2487.jpg,0.287235
2488.jpg,0.6992189999999999
2489.jpg,0.679319
2490.jpg,0.6687
2491.jpg,0.294482
2492.jpg,0.128369
2493.jpg,0.689951
2494.jpg,0.706994
2495.jpg,0.687445
2496.jpg,0.485614
2497.jpg,0.635519
2498.jpg,0.751668
2499.jpg,0.721043
2500.jpg,0.798795
2501.jpg,0.679142
2502.jpg,0.741885
2503.jpg,0.003991
2504.jpg,0.046001
2505.jpg,0.748042
2506.jpg,0.644433
2507.jpg,0.999997
2508.jpg,0.644591
2509.jpg,0.8765139999999999
2510.jpg,0.531328
2511.jpg,0.8248409999999999
2512.jpg,0.5737770000000001
2513.jpg,0.206168
2514.jpg,0.690277
2515.jpg,0.628483
2516.jpg,0.207833
2517.jpg,0.73773
2518.jpg,1.0
2519.jpg,0.932684
2520.jpg,0.808326
2521.jpg,0.72049
2522.jpg,0.136182
2523.jpg,0.612215
2524.jpg,0.608039
2525.jpg,0.7059770000000001
2526.jpg,0.7819520000000001
2527.jpg,0.7197939999999999
2528.jpg,0.651275
2529.jpg,0.997568
2530.jpg,0.453343
2531.jpg,0.000468
2532.jpg,0.217286
2533.jpg,0.56226
2534.jpg,0.844175
2535.jpg,0.715839
2536.jpg,0.773616
2537.jpg,0.998467
2538.jpg,0.672031
2539.jpg,0.7035399999999999
2540.jpg,0.043248
2541.jpg,0.61278
2542.jpg,0.130438
2543.jpg,0.631029
2544.jpg,0.684685
2545.jpg,0.717784
2546.jpg,0.632402
2547.jpg,0.111548
2548.jpg,0.6925520000000001
2549.jpg,0.295852
2550.jpg,0.669117
2551.jpg,0.221504
2552.jpg,0.7335010000000001
2553.jpg,0.719571
2554.jpg,1.0
2555.jpg,0.792692
2556.jpg,0.651864
2557.jpg,0.694338
2558.jpg,0.92899
2559.jpg,1.0
2560.jpg,0.8583040000000001
2561.jpg,0.441785
2562.jpg,0.75063
2563.jpg,0.601622
2564.jpg,0.614046
2565.jpg,0.632685
2566.jpg,0.2752719999999999
2567.jpg,0.999999
2568.jpg,0.7592399999999999
2569.jpg,0.999999
2570.jpg,0.031718
2571.jpg,0.790786
2572.jpg,0.717491
2573.jpg,0.7614920000000001
2574.jpg,0.5663020000000001
2575.jpg,0.99856
2576.jpg,0.933614
2577.jpg,0.7163510000000001
2578.jpg,0.782231
2579.jpg,0.279103
2580.jpg,0.61105
2581.jpg,0.999418
2582.jpg,0.640618
2583.jpg,0.659459
2584.jpg,0.6615479999999999
2585.jpg,0.71354
2586.jpg,0.71623
2587.jpg,0.256364
2588.jpg,0.999994
2589.jpg,0.7016060000000001
2590.jpg,0.830624
2591.jpg,0.595629
2592.jpg,0.012929
2593.jpg,0.536729
2594.jpg,0.456155
2595.jpg,0.662445
2596.jpg,0.757268
2597.jpg,0.613213
2598.jpg,0.0365889999999999
2599.jpg,0.608457
2600.jpg,0.750576
2601.jpg,0.230119
2602.jpg,0.5888220000000001
2603.jpg,0.629977
2604.jpg,0.6629550000000001
2605.jpg,0.224609
2606.jpg,0.662698
2607.jpg,0.723568
2608.jpg,1.0
2609.jpg,0.3153829999999999
2610.jpg,0.658126
2611.jpg,0.7764449999999999
2612.jpg,0.542496
2613.jpg,0.999913
2614.jpg,1.0
2615.jpg,0.8588690000000001
2616.jpg,0.655942
2617.jpg,0.692274
2618.jpg,0.958407
2619.jpg,0.001811
2620.jpg,0.661011
2621.jpg,0.6727770000000001
2622.jpg,0.8230379999999999
2623.jpg,0.023285
2624.jpg,0.964372
2625.jpg,0.999997
2626.jpg,0.684377
2627.jpg,0.477857
2628.jpg,0.788047
2629.jpg,0.14117
2630.jpg,0.65546
2631.jpg,0.6806260000000001
2632.jpg,0.575442
2633.jpg,0.098885
2634.jpg,0.598897
2635.jpg,0.168443
2636.jpg,0.669795
2637.jpg,0.8932760000000001
2638.jpg,0.482573
2639.jpg,0.7195729999999999
2640.jpg,0.942192
2641.jpg,0.143849
2642.jpg,0.7474970000000001
2643.jpg,0.700946
2644.jpg,0.687924
2645.jpg,0.788
2646.jpg,0.561268
2647.jpg,0.844893
2648.jpg,0.138942
2649.jpg,1.0
2650.jpg,0.638278
2651.jpg,0.688372
2652.jpg,0.635012
2653.jpg,0.732472
2654.jpg,0.6920390000000001
2655.jpg,0.76804
2656.jpg,0.691175
2657.jpg,0.999999
2658.jpg,0.637533
2659.jpg,0.936864
2660.jpg,0.6567930000000001
2661.jpg,0.611692
2662.jpg,0.523536
2663.jpg,0.140378
2664.jpg,0.599428
2665.jpg,0.0049689999999999
2666.jpg,0.7203970000000001
2667.jpg,0.971568
2668.jpg,0.690801
2669.jpg,0.292978
2670.jpg,0.760141
2671.jpg,0.73031
2672.jpg,0.66504
2673.jpg,0.550928
2674.jpg,0.0137419999999999
2675.jpg,0.999999
2676.jpg,0.728738
2677.jpg,0.548872
2678.jpg,0.176576
2679.jpg,0.739089
2680.jpg,0.710286
2681.jpg,0.132018
2682.jpg,0.7451409999999999
2683.jpg,0.999928
2684.jpg,0.811876
2685.jpg,0.564444
2686.jpg,0.753054
2687.jpg,0.766372
2688.jpg,0.712593
2689.jpg,0.6997270000000001
2690.jpg,0.651259
2691.jpg,0.991469
2692.jpg,0.006062
2693.jpg,0.064316
2694.jpg,0.680439
2695.jpg,0.768476
2696.jpg,0.519117
2697.jpg,0.604247
2698.jpg,0.821688
2699.jpg,0.020817
2700.jpg,1.0
2701.jpg,0.714613
2702.jpg,0.664585
2703.jpg,0.143072
2704.jpg,0.128343
2705.jpg,0.633831
2706.jpg,0.666565
2707.jpg,0.558832
2708.jpg,0.856643
2709.jpg,0.563868
2710.jpg,0.719945
2711.jpg,0.690904
2712.jpg,0.715514
2713.jpg,0.66397
2714.jpg,0.7557159999999999
2715.jpg,0.7281350000000001
2716.jpg,0.599035
2717.jpg,0.624073
2718.jpg,0.697702
2719.jpg,0.059378
2720.jpg,0.6317229999999999
2721.jpg,0.210671
2722.jpg,0.944057
2723.jpg,0.593274
2724.jpg,0.612065
2725.jpg,0.647153
2726.jpg,0.680234
2727.jpg,0.698563
2728.jpg,0.756757
2729.jpg,0.998976
2730.jpg,0.1026619999999999
2731.jpg,0.677164
2732.jpg,0.010407
2733.jpg,0.8073020000000001
2734.jpg,0.935521
2735.jpg,0.5713050000000001
2736.jpg,0.692629
2737.jpg,0.935547
2738.jpg,0.99431
2739.jpg,0.222102
2740.jpg,0.202793
2741.jpg,0.1365819999999999
2742.jpg,0.984324
2743.jpg,0.90378
2744.jpg,0.720441
2745.jpg,0.6838350000000001
2746.jpg,0.614475
2747.jpg,0.7831520000000001
2748.jpg,0.116765
2749.jpg,0.751562
2750.jpg,0.692098
2751.jpg,0.284024
2752.jpg,0.09641
2753.jpg,0.999998
2754.jpg,0.6772050000000001
2755.jpg,0.802478
2756.jpg,0.528792
2757.jpg,0.60875
2758.jpg,0.658462
2759.jpg,0.965869
2760.jpg,0.596367
2761.jpg,0.725935
2762.jpg,0.308515
2763.jpg,0.750764
2764.jpg,0.66478
2765.jpg,0.279779
2766.jpg,0.147496
2767.jpg,0.187977
2768.jpg,0.563435
2769.jpg,0.719956
2770.jpg,0.167257
2771.jpg,0.007809
2772.jpg,0.999938
2773.jpg,7.099999999999999e-05
2774.jpg,0.164641
2775.jpg,0.6905279999999999
2776.jpg,1.0
2777.jpg,0.760195
2778.jpg,7e-05
2779.jpg,0.6001569999999999
2780.jpg,0.729997
2781.jpg,0.533406
2782.jpg,0.651692
2783.jpg,0.747442
2784.jpg,0.557804
2785.jpg,0.674412
2786.jpg,0.52749
2787.jpg,0.007982
2788.jpg,0.093409
2789.jpg,0.687655
2790.jpg,0.701289
2791.jpg,1.0
2792.jpg,0.719172
2793.jpg,0.6667850000000001
2794.jpg,0.07591
2795.jpg,0.112419
2796.jpg,0.8062699999999999
2797.jpg,0.603274
2798.jpg,0.700634
2799.jpg,0.697112
2800.jpg,0.740627
2801.jpg,0.8071649999999999
2802.jpg,0.967943
2803.jpg,0.6870109999999999
2804.jpg,0.477813
2805.jpg,0.11406
2806.jpg,0.006976
2807.jpg,0.597607
2808.jpg,0.000843
2809.jpg,0.197803
2810.jpg,0.58454
2811.jpg,1.0
2812.jpg,0.6686949999999999
2813.jpg,0.574005
2814.jpg,0.740241
2815.jpg,0.725847
2816.jpg,0.121349
2817.jpg,0.720845
2818.jpg,0.104468
2819.jpg,0.999928
2820.jpg,0.999999
2821.jpg,0.734921
2822.jpg,0.663429
2823.jpg,0.683318
2824.jpg,0.479309
2825.jpg,0.702598
2826.jpg,0.6763640000000001
2827.jpg,0.089574
2828.jpg,0.043318
2829.jpg,0.676551
2830.jpg,0.668358
2831.jpg,0.254682
2832.jpg,0.76131
2833.jpg,0.999943
2834.jpg,0.678936
2835.jpg,0.529044
2836.jpg,0.709105
2837.jpg,0.56605
2838.jpg,0.579541
2839.jpg,0.624649
2840.jpg,0.848691
2841.jpg,0.076655
2842.jpg,1.0
2843.jpg,0.526281
2844.jpg,0.5265989999999999
2845.jpg,0.7539710000000001
2846.jpg,0.082179
2847.jpg,0.0017399999999999
2848.jpg,0.795737
2849.jpg,0.734777
2850.jpg,0.5506909999999999
2851.jpg,0.7068409999999999
2852.jpg,0.916269
2853.jpg,0.087862
2854.jpg,0.25004
2855.jpg,0.6528520000000001
2856.jpg,0.676124
2857.jpg,0.630437
2858.jpg,0.676405
2859.jpg,0.667533
2860.jpg,0.28934
2861.jpg,0.014528
2862.jpg,0.5647409999999999
2863.jpg,0.644019
2864.jpg,0.996303
2865.jpg,0.7612909999999999
2866.jpg,0.716271
2867.jpg,0.020843
2868.jpg,0.599508
2869.jpg,0.746079
2870.jpg,0.672439
2871.jpg,0.191579
2872.jpg,0.779349
2873.jpg,0.782408
2874.jpg,0.6579550000000001
2875.jpg,0.935559
2876.jpg,0.565817
2877.jpg,0.742101
2878.jpg,0.681964
2879.jpg,0.999999
2880.jpg,0.954868
2881.jpg,0.554431
2882.jpg,0.650367
2883.jpg,0.593968
2884.jpg,0.6745909999999999
2885.jpg,0.999998
2886.jpg,1.0
2887.jpg,0.983934
2888.jpg,0.759047
2889.jpg,0.854671
2890.jpg,0.6929850000000001
2891.jpg,0.755885
2892.jpg,0.0275899999999999
2893.jpg,0.504393
2894.jpg,0.999987
2895.jpg,0.799882
2896.jpg,0.64765
2897.jpg,0.692442
2898.jpg,0.999994
2899.jpg,0.683926
2900.jpg,0.7904899999999999
2901.jpg,0.445795
2902.jpg,0.691747
2903.jpg,0.125976
2904.jpg,0.7171420000000001
2905.jpg,0.825633
2906.jpg,0.578902
2907.jpg,0.602517
2908.jpg,0.02743
2909.jpg,0.667999
2910.jpg,0.8949229999999999
2911.jpg,0.016049
2912.jpg,0.706738
2913.jpg,0.999999
2914.jpg,0.197182
2915.jpg,0.6296
2916.jpg,0.008038
2917.jpg,0.69488
2918.jpg,0.8488129999999999
2919.jpg,0.748563
2920.jpg,0.281825
2921.jpg,0.997908
2922.jpg,0.6440739999999999
2923.jpg,0.752796
2924.jpg,0.687301
2925.jpg,0.580346
2926.jpg,0.025557
2927.jpg,0.20252
2928.jpg,0.66297
2929.jpg,0.642247
2930.jpg,0.162618
2931.jpg,0.1590339999999999
2932.jpg,0.680419
2933.jpg,0.998066
2934.jpg,0.289779
2935.jpg,0.011038
2936.jpg,0.99723
2937.jpg,0.078084
2938.jpg,0.673736
2939.jpg,0.5645899999999999
2940.jpg,0.57558
2941.jpg,0.048441
2942.jpg,0.657668
2943.jpg,0.999564
2944.jpg,0.6864359999999999
2945.jpg,0.766371
2946.jpg,0.1292589999999999
2947.jpg,0.2419
2948.jpg,0.701294
2949.jpg,0.696384
2950.jpg,0.222705
2951.jpg,0.51469
2952.jpg,0.710481
2953.jpg,0.531148
2954.jpg,0.273098
2955.jpg,0.666387
2956.jpg,0.698739
2957.jpg,0.816209
2958.jpg,0.658855
2959.jpg,0.731574
2960.jpg,0.731132
2961.jpg,0.485295
2962.jpg,0.183936
2963.jpg,0.112754
2964.jpg,1.0
2965.jpg,0.8196629999999999
2966.jpg,0.999996
2967.jpg,0.7892
2968.jpg,0.5040359999999999
2969.jpg,0.977536
2970.jpg,0.299292
2971.jpg,0.885185
2972.jpg,0.298624
2973.jpg,0.789276
2974.jpg,0.7216199999999999
2975.jpg,0.782243
2976.jpg,0.015534
2977.jpg,0.688918
2978.jpg,0.608715
2979.jpg,0.636484
2980.jpg,0.615202
2981.jpg,0.646951
2982.jpg,0.717895
2983.jpg,0.748155
2984.jpg,0.997624
2985.jpg,0.999015
2986.jpg,1.0
2987.jpg,0.715693
2988.jpg,0.701246
2989.jpg,0.002104
2990.jpg,0.999994
2991.jpg,0.638794
2992.jpg,0.793521
2993.jpg,0.6186699999999999
2994.jpg,0.999999
2995.jpg,0.17627
2996.jpg,0.6165390000000001
2997.jpg,0.143299
2998.jpg,0.78667
2999.jpg,0.999997
3000.jpg,0.983993
3001.jpg,0.038446
3002.jpg,0.748107
3003.jpg,0.818891
3004.jpg,0.109972
3005.jpg,0.595737
3006.jpg,1.0
3007.jpg,0.683701
3008.jpg,1.0
3009.jpg,0.722838
3010.jpg,0.738544
3011.jpg,0.667378
3012.jpg,0.537568
3013.jpg,0.615404
3014.jpg,0.781031
3015.jpg,0.727025
3016.jpg,0.639257
3017.jpg,1.0
3018.jpg,0.044955
3019.jpg,0.611935
3020.jpg,0.96307
3021.jpg,0.6731689999999999
3022.jpg,0.92989
3023.jpg,0.7548600000000001
3024.jpg,0.115425
3025.jpg,0.7227
3026.jpg,0.169889
3027.jpg,0.076195
3028.jpg,0.725245
3029.jpg,0.071522
3030.jpg,0.899068
3031.jpg,0.679236
3032.jpg,0.685702
3033.jpg,0.4795779999999999
3034.jpg,0.6049640000000001
3035.jpg,0.7624340000000001
3036.jpg,0.688146
3037.jpg,0.004182
3038.jpg,0.735413
3039.jpg,0.58482
3040.jpg,0.7173149999999999
3041.jpg,0.039079
3042.jpg,0.725729
3043.jpg,0.755631
3044.jpg,0.99933
3045.jpg,0.984752
3046.jpg,0.596058
3047.jpg,0.543834
3048.jpg,0.639304
3049.jpg,0.139856
3050.jpg,0.852569
3051.jpg,0.757004
3052.jpg,0.717217
3053.jpg,0.567183
3054.jpg,0.6985279999999999
3055.jpg,0.01923
3056.jpg,0.665713
3057.jpg,0.999998
3058.jpg,0.665104
3059.jpg,0.6845899999999999
3060.jpg,0.7360329999999999
3061.jpg,0.657388
3062.jpg,0.999986
3063.jpg,0.514892
3064.jpg,0.77633
3065.jpg,0.737854
3066.jpg,0.567017
3067.jpg,0.770259
3068.jpg,0.682528
3069.jpg,0.706902
3070.jpg,0.5924
3071.jpg,0.5662699999999999
3072.jpg,0.576712
3073.jpg,0.69445
3074.jpg,0.5310010000000001
3075.jpg,0.142975
3076.jpg,0.071675
3077.jpg,0.739534
3078.jpg,0.853985
3079.jpg,0.999999
3080.jpg,0.647491
3081.jpg,0.999327
3082.jpg,0.63862
3083.jpg,0.779414
3084.jpg,0.849492
3085.jpg,0.571974
3086.jpg,0.615486
3087.jpg,0.672953
3088.jpg,0.695045
3089.jpg,0.984771
3090.jpg,0.683465
3091.jpg,0.6935439999999999
3092.jpg,0.633886
3093.jpg,0.069308
3094.jpg,0.65727
3095.jpg,0.189702
3096.jpg,0.054547
3097.jpg,0.702784
3098.jpg,0.015225
3099.jpg,0.7816270000000001
3100.jpg,0.66009
3101.jpg,0.7010649999999999
3102.jpg,0.551525
3103.jpg,0.957139
3104.jpg,0.260453
3105.jpg,0.766687
3106.jpg,0.732214
3107.jpg,0.614919
3108.jpg,0.678077
3109.jpg,0.510549
3110.jpg,0.992055
3111.jpg,0.521338
3112.jpg,0.1923359999999999
3113.jpg,0.8203600000000001
3114.jpg,0.706569
3115.jpg,0.5273220000000001
3116.jpg,0.686565
3117.jpg,0.790736
3118.jpg,0.6907300000000001
3119.jpg,0.999827
3120.jpg,0.0701919999999999
3121.jpg,0.750869
3122.jpg,1.0
3123.jpg,0.638547
3124.jpg,0.292285
3125.jpg,0.657701
3126.jpg,0.685292
3127.jpg,0.726793
3128.jpg,0.999973
3129.jpg,0.6711590000000001
3130.jpg,8.3e-05
3131.jpg,0.956865
3132.jpg,0.5984470000000001
3133.jpg,1.0
3134.jpg,0.6563479999999999
3135.jpg,0.004731
3136.jpg,0.7489279999999999
3137.jpg,0.72607
3138.jpg,0.71849
3139.jpg,0.763454
3140.jpg,0.709483
3141.jpg,0.707868
3142.jpg,0.698042
3143.jpg,0.7789010000000001
3144.jpg,0.565332
3145.jpg,0.353034
3146.jpg,0.991665
3147.jpg,0.652645
3148.jpg,0.693828
3149.jpg,0.999995
3150.jpg,0.746654
3151.jpg,0.002621
3152.jpg,0.796829
3153.jpg,0.6160909999999999
3154.jpg,0.715924
3155.jpg,0.696638
3156.jpg,0.671342
3157.jpg,0.239587
3158.jpg,0.250461
3159.jpg,0.631842
3160.jpg,0.743163
3161.jpg,1.0
3162.jpg,0.0154729999999999
3163.jpg,0.675584
3164.jpg,0.479178
3165.jpg,0.636588
3166.jpg,0.681898
3167.jpg,0.7176319999999999
3168.jpg,0.5602
3169.jpg,0.527456
3170.jpg,0.605902
3171.jpg,0.001401
3172.jpg,0.776975
3173.jpg,0.999999
3174.jpg,0.690142
3175.jpg,0.760247
3176.jpg,0.694517
3177.jpg,0.7937810000000001
3178.jpg,0.999998
3179.jpg,0.712856
3180.jpg,0.830268
3181.jpg,0.479025
3182.jpg,0.004079
3183.jpg,0.747257
3184.jpg,0.5854199999999999
3185.jpg,0.840359
3186.jpg,0.8752409999999999
3187.jpg,0.671085
3188.jpg,0.06665
3189.jpg,0.789724
3190.jpg,0.512091
3191.jpg,0.587795
3192.jpg,0.032742
3193.jpg,0.562072
3194.jpg,0.672111
3195.jpg,0.6186520000000001
3196.jpg,0.999999
3197.jpg,1.0
3198.jpg,0.640038
3199.jpg,0.681057
3200.jpg,1.0
3201.jpg,0.661791
3202.jpg,0.8350559999999999
3203.jpg,0.659623
3204.jpg,0.7447199999999999
3205.jpg,0.349701
3206.jpg,0.741244
3207.jpg,0.719507
3208.jpg,0.667129
3209.jpg,0.757286
3210.jpg,0.1028859999999999
3211.jpg,0.999969
3212.jpg,0.647302
3213.jpg,0.2715889999999999
3214.jpg,0.138301
3215.jpg,0.728707
3216.jpg,0.685822
3217.jpg,0.669212
3218.jpg,0.036444
3219.jpg,0.001743
3220.jpg,0.439127
3221.jpg,0.7272350000000001
3222.jpg,0.0104099999999999
3223.jpg,0.656754
3224.jpg,0.809094
3225.jpg,0.651255
3226.jpg,0.6083609999999999
3227.jpg,0.6553800000000001
3228.jpg,0.701145
3229.jpg,0.659093
3230.jpg,0.55952
3231.jpg,0.729591
3232.jpg,0.2656719999999999
3233.jpg,0.2271389999999999
3234.jpg,0.609478
3235.jpg,1.0
3236.jpg,0.7337600000000001
3237.jpg,0.637798
3238.jpg,0.602769
3239.jpg,0.669637
3240.jpg,0.151539
3241.jpg,0.282969
3242.jpg,0.782071
3243.jpg,0.791542
3244.jpg,0.574866
3245.jpg,0.694962
3246.jpg,0.727209
3247.jpg,0.7067760000000001
3248.jpg,0.001167
3249.jpg,0.630042
3250.jpg,0.678167
3251.jpg,0.788496
3252.jpg,0.544986
3253.jpg,0.153054
3254.jpg,0.692803
3255.jpg,0.093298
3256.jpg,0.745368
3257.jpg,0.773115
3258.jpg,0.733009
3259.jpg,0.394259
3260.jpg,0.6773640000000001
3261.jpg,0.999973
3262.jpg,0.779755
3263.jpg,0.676739
3264.jpg,0.7522760000000001
3265.jpg,0.703092
3266.jpg,0.749792
3267.jpg,0.755649
3268.jpg,0.770224
3269.jpg,0.6719930000000001
3270.jpg,0.660609
3271.jpg,0.685702
3272.jpg,0.6984130000000001
3273.jpg,0.235951
3274.jpg,0.065578
3275.jpg,0.539569
3276.jpg,0.721564
3277.jpg,0.768122
3278.jpg,0.0241009999999999
3279.jpg,0.648309
3280.jpg,0.6658890000000001
3281.jpg,0.999037
3282.jpg,0.733192
3283.jpg,0.506551
3284.jpg,5.4000000000000005e-05
3285.jpg,0.565696
3286.jpg,0.680986
3287.jpg,0.643712
3288.jpg,0.6506430000000001
3289.jpg,0.65532
3290.jpg,0.878569
3291.jpg,0.623829
3292.jpg,0.820456
3293.jpg,0.077265
3294.jpg,0.23579
3295.jpg,0.909142
3296.jpg,0.690176
3297.jpg,0.655602
3298.jpg,0.999834
3299.jpg,0.957487
3300.jpg,0.7271920000000001
3301.jpg,0.949846
3302.jpg,0.748255
3303.jpg,0.654149
3304.jpg,0.998319
3305.jpg,0.613007
3306.jpg,0.999935
3307.jpg,0.716499
3308.jpg,0.598877
3309.jpg,0.7810239999999999
3310.jpg,0.742976
3311.jpg,0.87656
3312.jpg,0.703943
3313.jpg,0.7198939999999999
3314.jpg,0.756687
3315.jpg,0.190212
3316.jpg,0.999984
3317.jpg,0.611587
3318.jpg,0.7786270000000001
3319.jpg,0.748735
3320.jpg,0.760131
3321.jpg,0.546514
3322.jpg,0.408671
3323.jpg,0.767692
3324.jpg,0.779289
3325.jpg,0.66306
3326.jpg,0.233252
3327.jpg,0.785834
3328.jpg,0.5545760000000001
3329.jpg,0.7704840000000001
3330.jpg,0.564221
3331.jpg,0.025764
3332.jpg,0.6477149999999999
3333.jpg,0.001918
3334.jpg,0.075929
3335.jpg,0.589533
3336.jpg,0.801952
3337.jpg,0.001532
3338.jpg,0.8300049999999999
3339.jpg,0.999995
3340.jpg,0.976929
3341.jpg,0.6508609999999999
3342.jpg,1.0
3343.jpg,0.670413
3344.jpg,0.293757
3345.jpg,0.58304
3346.jpg,0.7273729999999999
3347.jpg,0.707739
3348.jpg,0.6002649999999999
3349.jpg,0.56019
3350.jpg,0.690335
3351.jpg,0.5748409999999999
3352.jpg,0.675009
3353.jpg,0.999999
3354.jpg,0.642822
3355.jpg,0.585046
3356.jpg,0.7573350000000001
3357.jpg,0.667863
3358.jpg,0.691262
3359.jpg,0.7232609999999999
3360.jpg,0.700508
3361.jpg,0.72427
3362.jpg,0.501696
3363.jpg,0.746581
3364.jpg,0.742356
3365.jpg,0.818578
3366.jpg,0.749789
3367.jpg,0.999977
3368.jpg,0.6139760000000001
3369.jpg,0.011677
3370.jpg,0.6842
3371.jpg,0.836726
3372.jpg,0.128823
3373.jpg,0.282997
3374.jpg,0.999109
3375.jpg,0.580114
3376.jpg,0.671984
3377.jpg,0.062258
3378.jpg,0.602195
3379.jpg,0.680024
3380.jpg,0.6008819999999999
3381.jpg,0.640303
3382.jpg,0.717166
3383.jpg,0.844461
3384.jpg,0.801238
3385.jpg,0.2208159999999999
3386.jpg,0.022774
3387.jpg,0.244055
3388.jpg,1.0
3389.jpg,0.179507
3390.jpg,0.699022
3391.jpg,0.7844720000000001
3392.jpg,0.666678
3393.jpg,0.489825
3394.jpg,0.00299
3395.jpg,0.99997
3396.jpg,0.716855
3397.jpg,1.0
3398.jpg,0.753129
3399.jpg,0.703987
3400.jpg,0.7779
3401.jpg,0.613002
3402.jpg,0.190816
3403.jpg,0.251029
3404.jpg,0.598938
3405.jpg,0.403068
3406.jpg,0.72734
3407.jpg,0.999987
3408.jpg,0.40637
3409.jpg,0.4692949999999999
3410.jpg,0.688182
3411.jpg,0.99999
3412.jpg,1.0
3413.jpg,0.0540779999999999
3414.jpg,0.655137
3415.jpg,0.05086
3416.jpg,0.869582
3417.jpg,0.846326
3418.jpg,0.556642
3419.jpg,0.732109
3420.jpg,0.7996310000000001
3421.jpg,0.11323
3422.jpg,0.6570229999999999
3423.jpg,0.661858
3424.jpg,0.000123
3425.jpg,0.618179
3426.jpg,0.732731
3427.jpg,1.0
3428.jpg,0.137802
3429.jpg,1.0
3430.jpg,0.714778
3431.jpg,0.945857
3432.jpg,0.899798
3433.jpg,0.716429
3434.jpg,0.631571
3435.jpg,0.001301
3436.jpg,0.505962
3437.jpg,0.003918
3438.jpg,0.666667
3439.jpg,0.5297149999999999
3440.jpg,0.65056
3441.jpg,0.693756
3442.jpg,0.5096310000000001
3443.jpg,0.675596
3444.jpg,0.999967
3445.jpg,0.999999
3446.jpg,0.636785
3447.jpg,0.6953
3448.jpg,1.0
3449.jpg,0.2350489999999999
3450.jpg,0.200744
3451.jpg,0.684435
3452.jpg,0.680805
3453.jpg,0.999808
3454.jpg,0.7776850000000001
3455.jpg,0.6067670000000001
3456.jpg,0.999495
3457.jpg,0.999183
3458.jpg,0.6493770000000001
3459.jpg,0.410313
3460.jpg,0.99998
3461.jpg,0.592086
3462.jpg,0.646239
3463.jpg,0.62461
3464.jpg,0.936143
3465.jpg,0.729608
3466.jpg,0.807463
3467.jpg,0.233947
3468.jpg,0.4855359999999999
3469.jpg,0.999999
3470.jpg,0.490432
3471.jpg,0.747961
3472.jpg,0.1885119999999999
3473.jpg,0.127614
3474.jpg,0.6931649999999999
3475.jpg,0.7092109999999999
3476.jpg,1.0
3477.jpg,0.738946
3478.jpg,0.687297
3479.jpg,1.0
3480.jpg,0.0836129999999999
3481.jpg,0.999964
3482.jpg,0.7268600000000001
3483.jpg,0.712649
3484.jpg,0.011964
3485.jpg,0.628833
3486.jpg,0.440781
3487.jpg,0.643251
3488.jpg,0.787668
3489.jpg,0.66745
3490.jpg,0.561507
3491.jpg,0.66298
3492.jpg,0.31179
3493.jpg,0.686721
3494.jpg,0.6747989999999999
3495.jpg,0.558014
3496.jpg,0.8107489999999999
3497.jpg,0.664479
3498.jpg,0.806647
3499.jpg,0.999552
3500.jpg,0.2156429999999999
3501.jpg,0.747642
3502.jpg,0.7582369999999999
3503.jpg,0.570275
3504.jpg,0.739617
3505.jpg,0.5978479999999999
3506.jpg,0.117476
3507.jpg,0.609223
3508.jpg,0.271757
3509.jpg,0.495714
3510.jpg,0.674031
3511.jpg,0.781844
3512.jpg,0.0300889999999999
3513.jpg,0.704601
3514.jpg,0.02558
3515.jpg,0.55253
3516.jpg,0.6635300000000001
3517.jpg,0.633858
3518.jpg,0.720964
3519.jpg,0.6035699999999999
3520.jpg,0.755029
3521.jpg,0.272311
3522.jpg,0.630146
3523.jpg,0.7554890000000001
3524.jpg,0.000179
3525.jpg,0.000678
3526.jpg,0.538044
3527.jpg,1.0
3528.jpg,0.725833
3529.jpg,0.890493
3530.jpg,0.420435
3531.jpg,0.709167
3532.jpg,0.6033270000000001
3533.jpg,0.2433489999999999
3534.jpg,0.703512
3535.jpg,0.736054
3536.jpg,0.684276
3537.jpg,0.2938
3538.jpg,0.036197
3539.jpg,0.732635
3540.jpg,0.740221
3541.jpg,0.234675
3542.jpg,0.999999
3543.jpg,0.725488
3544.jpg,0.064589
3545.jpg,0.652655
3546.jpg,0.741632
3547.jpg,0.6015510000000001
3548.jpg,0.719493
3549.jpg,0.99998
3550.jpg,0.021514
3551.jpg,0.068636
3552.jpg,0.7071430000000001
3553.jpg,0.428831
3554.jpg,0.659613
3555.jpg,0.423941
3556.jpg,0.72555
3557.jpg,0.648629
3558.jpg,0.716727
3559.jpg,0.750975
3560.jpg,0.0148169999999999
3561.jpg,0.6747310000000001
3562.jpg,0.685104
3563.jpg,0.655988
3564.jpg,0.670374
3565.jpg,0.114455
3566.jpg,0.665663
3567.jpg,0.727592
3568.jpg,0.689793
3569.jpg,0.573946
3570.jpg,0.697221
3571.jpg,0.65985
3572.jpg,0.908483
3573.jpg,0.143613
3574.jpg,0.600536
3575.jpg,0.23268
3576.jpg,0.999977
3577.jpg,0.585696
3578.jpg,0.8986139999999999
3579.jpg,0.947183
3580.jpg,0.628303
3581.jpg,0.638191
3582.jpg,0.852715
3583.jpg,0.653913
3584.jpg,0.705407
3585.jpg,0.998598
3586.jpg,0.737684
3587.jpg,0.532492
3588.jpg,0.102487
3589.jpg,0.809078
3590.jpg,0.72958
3591.jpg,0.904697
3592.jpg,0.667006
3593.jpg,0.627442
3594.jpg,0.686852
3595.jpg,0.809945
3596.jpg,0.7434310000000001
3597.jpg,0.834311
3598.jpg,0.659991
3599.jpg,0.446937
3600.jpg,0.999999
3601.jpg,0.58121
3602.jpg,0.532886
3603.jpg,0.997676
3604.jpg,0.624197
3605.jpg,0.98189
3606.jpg,0.918421
3607.jpg,0.596087
3608.jpg,0.611363
3609.jpg,0.612133
3610.jpg,0.660185
3611.jpg,0.788166
3612.jpg,0.139629
3613.jpg,0.650061
3614.jpg,0.51674
3615.jpg,0.669964
3616.jpg,0.681968
3617.jpg,0.294825
3618.jpg,0.478568
3619.jpg,0.28563
3620.jpg,0.623395
3621.jpg,0.935616
3622.jpg,0.993654
3623.jpg,0.002573
3624.jpg,0.646038
3625.jpg,0.21977
3626.jpg,0.565978
3627.jpg,0.691815
3628.jpg,0.004134
3629.jpg,0.999999
3630.jpg,0.979487
3631.jpg,0.654697
3632.jpg,0.6160439999999999
3633.jpg,0.674513
3634.jpg,0.8022779999999999
3635.jpg,0.629812
3636.jpg,0.730215
3637.jpg,0.743334
3638.jpg,0.002457
3639.jpg,0.006173
3640.jpg,0.904031
3641.jpg,0.705364
3642.jpg,0.99607
3643.jpg,0.754632
3644.jpg,0.280757
3645.jpg,1.0
3646.jpg,0.987472
3647.jpg,0.680643
3648.jpg,0.685659
3649.jpg,0.8366120000000001
3650.jpg,0.663399
3651.jpg,0.549682
3652.jpg,0.663243
3653.jpg,0.70533
3654.jpg,1.0
3655.jpg,0.629307
3656.jpg,0.999173
3657.jpg,0.17275
3658.jpg,0.0001699999999999
3659.jpg,0.188438
3660.jpg,0.770948
3661.jpg,0.002058
3662.jpg,0.556407
3663.jpg,0.7171069999999999
3664.jpg,0.618312
3665.jpg,0.552315
3666.jpg,0.850107
3667.jpg,0.007033
3668.jpg,0.73907
3669.jpg,1.0
3670.jpg,0.077714
3671.jpg,0.913501
3672.jpg,0.5081180000000001
3673.jpg,1.0
3674.jpg,0.659898
3675.jpg,0.716438
3676.jpg,0.5230229999999999
3677.jpg,0.583291
3678.jpg,0.999999
3679.jpg,0.738622
3680.jpg,0.728232
3681.jpg,0.424481
3682.jpg,0.071221
3683.jpg,0.295777
3684.jpg,0.6217229999999999
3685.jpg,0.738472
3686.jpg,0.99965
3687.jpg,0.43049
3688.jpg,0.573282
3689.jpg,0.642041
3690.jpg,0.027571
3691.jpg,0.802542
3692.jpg,0.957907
3693.jpg,0.751552
3694.jpg,0.74098
3695.jpg,0.296069
3696.jpg,0.0017809999999999
3697.jpg,0.76825
3698.jpg,0.5969260000000001
3699.jpg,0.257096
3700.jpg,0.064738
3701.jpg,0.695988
3702.jpg,0.5519430000000001
3703.jpg,0.590356
3704.jpg,0.874985
3705.jpg,0.813282
3706.jpg,0.243132
3707.jpg,0.609716
3708.jpg,0.555473
3709.jpg,0.670493
3710.jpg,0.716222
3711.jpg,0.753301
3712.jpg,0.14224
3713.jpg,0.819737
3714.jpg,0.6416930000000001
3715.jpg,0.4207619999999999
3716.jpg,0.468973
3717.jpg,0.671713
3718.jpg,0.6422220000000001
3719.jpg,0.7039489999999999
3720.jpg,0.599209
3721.jpg,0.280643
3722.jpg,0.771065
3723.jpg,0.632887
3724.jpg,1.0
3725.jpg,0.040107
3726.jpg,0.079107
3727.jpg,0.295207
3728.jpg,0.7619640000000001
3729.jpg,0.067276
3730.jpg,0.8493149999999999
3731.jpg,0.238483
3732.jpg,0.693671
3733.jpg,1.0
3734.jpg,0.557351
3735.jpg,0.999997
3736.jpg,0.714188
3737.jpg,0.7215520000000001
3738.jpg,0.619446
3739.jpg,0.574079
3740.jpg,0.240335
3741.jpg,0.464084
3742.jpg,0.4535659999999999
3743.jpg,0.781562
3744.jpg,0.749135
3745.jpg,0.290384
3746.jpg,0.139992
3747.jpg,0.0005059999999999
3748.jpg,0.529508
3749.jpg,0.242146
3750.jpg,0.50371
3751.jpg,0.706579
3752.jpg,0.2301969999999999
3753.jpg,0.565449
3754.jpg,0.767609
3755.jpg,0.999996
3756.jpg,1.0
3757.jpg,0.675128
3758.jpg,0.156424
3759.jpg,0.6412800000000001
3760.jpg,0.7037
3761.jpg,0.564051
3762.jpg,0.995995
3763.jpg,0.712123
3764.jpg,0.594118
3765.jpg,0.8599829999999999
3766.jpg,0.8897930000000001
3767.jpg,1.0
3768.jpg,0.826235
3769.jpg,0.882768
3770.jpg,0.676315
3771.jpg,0.0065209999999999
3772.jpg,0.691925
3773.jpg,0.735021
3774.jpg,0.861002
3775.jpg,0.606463
3776.jpg,0.679353
3777.jpg,0.891184
3778.jpg,0.6149560000000001
3779.jpg,0.999846
3780.jpg,0.628413
3781.jpg,0.755415
3782.jpg,0.253929
3783.jpg,0.119642
3784.jpg,0.244098
3785.jpg,0.641421
3786.jpg,0.6906260000000001
3787.jpg,0.6888920000000001
3788.jpg,0.8212079999999999
3789.jpg,0.592992
3790.jpg,0.64418
3791.jpg,0.475757
3792.jpg,0.805925
3793.jpg,0.638686
3794.jpg,0.7300810000000001
3795.jpg,0.725392
3796.jpg,0.5420119999999999
3797.jpg,0.999911
3798.jpg,0.624763
3799.jpg,0.953805
3800.jpg,0.6945720000000001
3801.jpg,0.713884
3802.jpg,0.205566
3803.jpg,0.5657989999999999
3804.jpg,0.761454
3805.jpg,0.693125
3806.jpg,0.744629
3807.jpg,0.587175
3808.jpg,0.703397
3809.jpg,0.000753
3810.jpg,0.640676
3811.jpg,0.7205199999999999
3812.jpg,0.6826369999999999
3813.jpg,0.8916350000000001
3814.jpg,0.679002
3815.jpg,0.411533
3816.jpg,0.050435
3817.jpg,0.046304
3818.jpg,0.708015
3819.jpg,0.8391049999999999
3820.jpg,0.724132
3821.jpg,0.684819
3822.jpg,0.501459
3823.jpg,0.850359
3824.jpg,0.082595
3825.jpg,0.12869
3826.jpg,0.243779
3827.jpg,0.1206859999999999
3828.jpg,0.750944
3829.jpg,0.668925
3830.jpg,0.268854
3831.jpg,0.79299
3832.jpg,0.2253369999999999
3833.jpg,0.759652
3834.jpg,0.7437600000000001
3835.jpg,0.654958
3836.jpg,0.7357090000000001
3837.jpg,0.6786310000000001
3838.jpg,0.7718020000000001
3839.jpg,0.288489
3840.jpg,0.7565729999999999
3841.jpg,0.7028439999999999
3842.jpg,0.6520130000000001
3843.jpg,0.796979
3844.jpg,1.0
3845.jpg,0.710731
3846.jpg,0.647994
3847.jpg,0.14073
3848.jpg,0.705615
3849.jpg,0.554294
3850.jpg,0.710004
3851.jpg,0.7242460000000001
3852.jpg,0.294768
3853.jpg,0.802685
3854.jpg,0.036963
3855.jpg,0.1842609999999999
3856.jpg,0.746901
3857.jpg,0.59643
3858.jpg,0.7311479999999999
3859.jpg,0.728444
3860.jpg,0.6399739999999999
3861.jpg,0.7078260000000001
3862.jpg,0.5632010000000001
3863.jpg,0.726707
3864.jpg,0.675322
3865.jpg,1.0
3866.jpg,0.000415
3867.jpg,0.710835
3868.jpg,0.0123209999999999
3869.jpg,0.664417
3870.jpg,0.740742
3871.jpg,0.127922
3872.jpg,0.805949
3873.jpg,0.020017
3874.jpg,0.0153509999999999
3875.jpg,0.693489
3876.jpg,0.116155
3877.jpg,0.624976
3878.jpg,0.652863
3879.jpg,0.046572
3880.jpg,0.2258
3881.jpg,0.128468
3882.jpg,0.128447
3883.jpg,0.6798810000000001
3884.jpg,0.133108
3885.jpg,1.0
3886.jpg,0.7978430000000001
3887.jpg,0.7442989999999999
3888.jpg,0.643732
3889.jpg,0.79419
3890.jpg,0.5314479999999999
3891.jpg,0.935293
3892.jpg,0.691365
3893.jpg,0.609874
3894.jpg,0.724441
3895.jpg,0.696397
3896.jpg,0.7694449999999999
3897.jpg,0.656412
3898.jpg,0.634733
3899.jpg,0.7669279999999999
3900.jpg,0.799562
3901.jpg,0.7696729999999999
3902.jpg,0.082351
3903.jpg,0.6487310000000001
3904.jpg,0.999992
3905.jpg,0.892302
3906.jpg,0.71632
3907.jpg,0.721422
3908.jpg,0.524676
3909.jpg,0.660762
3910.jpg,0.0230259999999999
3911.jpg,0.048107
3912.jpg,0.597029
3913.jpg,0.627711
3914.jpg,0.999984
3915.jpg,0.895582
3916.jpg,0.002442
3917.jpg,0.5958899999999999
3918.jpg,0.995541
3919.jpg,0.379963
3920.jpg,0.999982
3921.jpg,0.029837
3922.jpg,0.59956
3923.jpg,0.665981
3924.jpg,0.164984
3925.jpg,0.6874560000000001
3926.jpg,0.665616
3927.jpg,0.765442
3928.jpg,0.233391
3929.jpg,0.716759
3930.jpg,0.782486
3931.jpg,0.056766
3932.jpg,0.398997
3933.jpg,0.757101
3934.jpg,0.710132
3935.jpg,0.640033
3936.jpg,0.658497
3937.jpg,0.030289
3938.jpg,0.790716
3939.jpg,0.706217
3940.jpg,0.705579
3941.jpg,0.536799
3942.jpg,0.660501
3943.jpg,0.737312
3944.jpg,0.718989
3945.jpg,0.745101
3946.jpg,0.738576
3947.jpg,0.806706
3948.jpg,0.578024
3949.jpg,0.148541
3950.jpg,0.999966
3951.jpg,0.534359
3952.jpg,0.688533
3953.jpg,0.65165
3954.jpg,0.476492
3955.jpg,0.716491
3956.jpg,0.739805
3957.jpg,0.749283
3958.jpg,0.99992
3959.jpg,0.558844
3960.jpg,0.645671
3961.jpg,0.094294
3962.jpg,0.991018
3963.jpg,0.647824
3964.jpg,0.6410939999999999
3965.jpg,0.5860029999999999
3966.jpg,0.229879
3967.jpg,0.999999
3968.jpg,0.151482
3969.jpg,0.022408
3970.jpg,0.6702279999999999
3971.jpg,0.722209
3972.jpg,0.527799
3973.jpg,0.6598069999999999
3974.jpg,0.999987
3975.jpg,0.783613
3976.jpg,0.697495
3977.jpg,0.764638
3978.jpg,0.763463
3979.jpg,0.788776
3980.jpg,0.03424
3981.jpg,0.094982
3982.jpg,0.704236
3983.jpg,0.683543
3984.jpg,0.699345
3985.jpg,0.5028199999999999
3986.jpg,0.749901
3987.jpg,0.739083
3988.jpg,0.539596
3989.jpg,1.0
3990.jpg,0.756113
3991.jpg,0.6141340000000001
3992.jpg,0.802231
3993.jpg,0.226069
3994.jpg,0.774512
3995.jpg,0.71764
3996.jpg,0.6153529999999999
3997.jpg,0.743718
3998.jpg,0.1748809999999999
3999.jpg,0.733695
4000.jpg,0.65945
4001.jpg,0.043559
4002.jpg,0.741059
4003.jpg,0.608716
4004.jpg,0.6207239999999999
4005.jpg,0.768548
4006.jpg,0.605949
4007.jpg,0.7293229999999999
4008.jpg,0.069526
4009.jpg,0.596069
4010.jpg,0.7047869999999999
4011.jpg,0.038132
4012.jpg,0.636716
4013.jpg,0.524798
4014.jpg,0.392355
4015.jpg,0.784948
4016.jpg,0.088398
4017.jpg,0.999914
4018.jpg,0.6117239999999999
4019.jpg,0.725456
4020.jpg,0.717653
4021.jpg,0.7296699999999999
4022.jpg,0.635772
4023.jpg,0.532567
4024.jpg,0.145483
4025.jpg,0.993118
4026.jpg,0.5291680000000001
4027.jpg,0.7244
4028.jpg,0.6077279999999999
4029.jpg,0.000698
4030.jpg,0.218996
4031.jpg,0.7800560000000001
4032.jpg,0.653315
4033.jpg,0.6988880000000001
4034.jpg,0.660579
4035.jpg,0.662758
4036.jpg,0.691455
4037.jpg,0.259893
4038.jpg,0.997669
4039.jpg,0.068488
4040.jpg,0.741879
4041.jpg,0.699032
4042.jpg,0.0736179999999999
4043.jpg,0.670772
4044.jpg,0.835059
4045.jpg,0.579957
4046.jpg,1.0
4047.jpg,1.0
4048.jpg,1.0
4049.jpg,0.223923
4050.jpg,0.999998
4051.jpg,0.744039
4052.jpg,0.717924
4053.jpg,0.063909
4054.jpg,0.999999
4055.jpg,0.694955
4056.jpg,0.691042
4057.jpg,0.697955
4058.jpg,0.029004
4059.jpg,0.136692
4060.jpg,0.635285
4061.jpg,0.042236
4062.jpg,0.730067
4063.jpg,0.686116
4064.jpg,0.723233
4065.jpg,0.239913
4066.jpg,0.421382
4067.jpg,0.996457
4068.jpg,0.420159
4069.jpg,0.683396
4070.jpg,0.989916
4071.jpg,0.999722
4072.jpg,0.290964
4073.jpg,0.172979
4074.jpg,0.824793
4075.jpg,0.728039
4076.jpg,0.6332899999999999
4077.jpg,0.570669
4078.jpg,0.691238
4079.jpg,0.068839
4080.jpg,0.8848790000000001
4081.jpg,0.736895
4082.jpg,0.704335
4083.jpg,0.688875
4084.jpg,0.590436
4085.jpg,0.093997
4086.jpg,0.631131
4087.jpg,0.552285
4088.jpg,1.0
4089.jpg,0.969629
4090.jpg,0.787827
4091.jpg,0.1436
4092.jpg,0.745661
4093.jpg,0.15477
4094.jpg,0.726314
4095.jpg,0.174305
4096.jpg,0.614451
4097.jpg,0.6311140000000001
4098.jpg,0.022469
4099.jpg,1.0
4100.jpg,0.6896359999999999
4101.jpg,0.761537
4102.jpg,0.47948
4103.jpg,0.727282
4104.jpg,0.752872
4105.jpg,0.565607
4106.jpg,0.717464
4107.jpg,0.697691
4108.jpg,0.948242
4109.jpg,0.636961
4110.jpg,0.073457
4111.jpg,0.728902
4112.jpg,0.603248
4113.jpg,0.767943
4114.jpg,0.771068
4115.jpg,0.5494859999999999
4116.jpg,0.087348
4117.jpg,0.700446
4118.jpg,0.263478
4119.jpg,0.670137
4120.jpg,0.999893
4121.jpg,0.6686
4122.jpg,0.794042
4123.jpg,1.0
4124.jpg,0.000973
4125.jpg,0.687695
4126.jpg,0.688922
4127.jpg,0.5963
4128.jpg,0.985505
4129.jpg,0.4535949999999999
4130.jpg,0.253087
4131.jpg,0.649978
4132.jpg,0.99999
4133.jpg,0.144219
4134.jpg,0.652667
4135.jpg,0.987067
4136.jpg,0.615321
4137.jpg,0.0385089999999999
4138.jpg,0.7379220000000001
4139.jpg,0.99959
4140.jpg,0.900533
4141.jpg,0.641097
4142.jpg,0.664115
4143.jpg,0.685422
4144.jpg,0.681546
4145.jpg,1.0
4146.jpg,0.693597
4147.jpg,0.28349
4148.jpg,0.914738
4149.jpg,0.895042
4150.jpg,0.714609
4151.jpg,0.7538159999999999
4152.jpg,0.6553399999999999
4153.jpg,0.603262
4154.jpg,0.691578
4155.jpg,0.999999
4156.jpg,0.619401
4157.jpg,0.4508149999999999
4158.jpg,0.8073060000000001
4159.jpg,0.679291
4160.jpg,0.1692789999999999
4161.jpg,0.6264270000000001
4162.jpg,0.8521120000000001
4163.jpg,0.009865
4164.jpg,0.6452100000000001
4165.jpg,0.006326
4166.jpg,0.253585
4167.jpg,0.723276
4168.jpg,0.283985
4169.jpg,0.826383
4170.jpg,0.634927
4171.jpg,1.0
4172.jpg,0.681379
4173.jpg,0.693231
4174.jpg,0.703264
4175.jpg,0.889489
4176.jpg,0.671542
4177.jpg,0.4787909999999999
4178.jpg,0.656983
4179.jpg,0.655637
4180.jpg,0.751522
4181.jpg,0.607152
4182.jpg,0.653663
4183.jpg,0.016727
4184.jpg,0.787474
4185.jpg,0.20711
4186.jpg,0.15322
4187.jpg,0.248074
4188.jpg,0.462575
4189.jpg,0.937525
4190.jpg,0.1383039999999999
4191.jpg,0.756283
4192.jpg,0.773059
4193.jpg,0.2566989999999999
4194.jpg,0.009039
4195.jpg,0.610062
4196.jpg,0.986375
4197.jpg,0.7142149999999999
4198.jpg,0.709408
4199.jpg,0.999853
4200.jpg,0.619106
4201.jpg,0.4878409999999999
4202.jpg,0.999998
4203.jpg,0.7085739999999999
4204.jpg,0.205183
4205.jpg,0.751962
4206.jpg,0.7105020000000001
4207.jpg,0.664816
4208.jpg,0.661129
4209.jpg,0.955865
4210.jpg,0.700102
4211.jpg,0.103571
4212.jpg,0.703537
4213.jpg,0.830867
4214.jpg,0.791812
4215.jpg,1.0
4216.jpg,0.90277
4217.jpg,0.667845
4218.jpg,0.8258190000000001
4219.jpg,0.639825
4220.jpg,0.521016
4221.jpg,0.664006
4222.jpg,0.7760699999999999
4223.jpg,0.697079
4224.jpg,0.617337
4225.jpg,0.565304
4226.jpg,0.624622
4227.jpg,0.734684
4228.jpg,0.7179909999999999
4229.jpg,0.735029
4230.jpg,0.532277
4231.jpg,0.717009
4232.jpg,0.25183
4233.jpg,0.007543
4234.jpg,0.731853
4235.jpg,0.553845
4236.jpg,0.172996
4237.jpg,0.978079
4238.jpg,0.732893
4239.jpg,0.728182
4240.jpg,0.713515
4241.jpg,0.898932
4242.jpg,0.200452
4243.jpg,0.7487060000000001
4244.jpg,0.656936
4245.jpg,0.589411
4246.jpg,0.620171
4247.jpg,1.0
4248.jpg,0.575943
4249.jpg,0.7797310000000001
4250.jpg,0.694802
4251.jpg,0.72807
4252.jpg,0.9999
4253.jpg,1.0
4254.jpg,0.6560090000000001
4255.jpg,0.873115
4256.jpg,0.158475
4257.jpg,9.9e-05
4258.jpg,0.819048
4259.jpg,0.669855
4260.jpg,0.757498
4261.jpg,0.504268
4262.jpg,0.714657
4263.jpg,0.6994630000000001
4264.jpg,0.635692
4265.jpg,0.744013
4266.jpg,0.705009
4267.jpg,0.708874
4268.jpg,0.999996
4269.jpg,0.603703
4270.jpg,0.679754
4271.jpg,0.194955
4272.jpg,0.096588
4273.jpg,0.55735
4274.jpg,0.7428640000000001
4275.jpg,0.6032529999999999
4276.jpg,0.66391
4277.jpg,0.809649
4278.jpg,0.698783
4279.jpg,0.652722
4280.jpg,0.605057
4281.jpg,0.077213
4282.jpg,0.128601
4283.jpg,0.6770729999999999
4284.jpg,0.75849
4285.jpg,1.0
4286.jpg,0.6822779999999999
4287.jpg,0.764782
4288.jpg,0.717835
4289.jpg,0.736187
4290.jpg,0.842448
4291.jpg,0.632944
4292.jpg,1.0
4293.jpg,0.784014
4294.jpg,0.737023
4295.jpg,0.6640149999999999
4296.jpg,0.8632479999999999
4297.jpg,0.6526569999999999
4298.jpg,0.595374
4299.jpg,0.654027
4300.jpg,0.63458
4301.jpg,0.4977399999999999
4302.jpg,0.64987
4303.jpg,0.819543
4304.jpg,0.669241
4305.jpg,0.648704
4306.jpg,0.763793
4307.jpg,0.446177
4308.jpg,0.923476
4309.jpg,0.679792
4310.jpg,0.55891
4311.jpg,0.685241
4312.jpg,0.729529
4313.jpg,0.039281
4314.jpg,0.207375
4315.jpg,0.644683
4316.jpg,0.6861510000000001
4317.jpg,0.675795
4318.jpg,0.722795
4319.jpg,0.531044
4320.jpg,0.673966
4321.jpg,0.667151
4322.jpg,0.906677
4323.jpg,0.571244
4324.jpg,0.758497
4325.jpg,0.816242
4326.jpg,0.7957
4327.jpg,0.7574380000000001
4328.jpg,0.766824
4329.jpg,0.204233
4330.jpg,0.579385
4331.jpg,0.628694
4332.jpg,0.742855
4333.jpg,0.279205
4334.jpg,0.700707
4335.jpg,0.600068
4336.jpg,0.700795
4337.jpg,0.175743
4338.jpg,0.299141
4339.jpg,0.667922
4340.jpg,0.999962
4341.jpg,0.586852
4342.jpg,0.744446
4343.jpg,0.8552040000000001
4344.jpg,0.944285
4345.jpg,0.688246
4346.jpg,0.752992
4347.jpg,0.8323950000000001
4348.jpg,0.082733
4349.jpg,0.102195
4350.jpg,0.262881
4351.jpg,0.01821
4352.jpg,0.6784680000000001
4353.jpg,0.269738
4354.jpg,0.71707
4355.jpg,0.588626
4356.jpg,0.7970119999999999
4357.jpg,0.297243
4358.jpg,0.648537
4359.jpg,0.7642369999999999
4360.jpg,0.641939
4361.jpg,0.7215060000000001
4362.jpg,0.7431260000000001
4363.jpg,0.756037
4364.jpg,0.560037
4365.jpg,0.7110529999999999
4366.jpg,0.696631
4367.jpg,0.723115
4368.jpg,0.673186
4369.jpg,0.1163849999999999
4370.jpg,0.538566
4371.jpg,0.750279
4372.jpg,0.2569
4373.jpg,0.840698
4374.jpg,0.007276
4375.jpg,0.692174
4376.jpg,0.680487
4377.jpg,0.110224
4378.jpg,0.136211
4379.jpg,0.678391
4380.jpg,0.720051
4381.jpg,0.5781029999999999
4382.jpg,0.6714
4383.jpg,0.712968
4384.jpg,0.102844
4385.jpg,0.25154
4386.jpg,0.713645
4387.jpg,0.771803
4388.jpg,0.630047
4389.jpg,0.684575
4390.jpg,0.637857
4391.jpg,0.089156
4392.jpg,0.691569
4393.jpg,0.60039
4394.jpg,0.69231
4395.jpg,0.718601
4396.jpg,0.042222
4397.jpg,0.6884399999999999
4398.jpg,0.7399859999999999
4399.jpg,0.694972
4400.jpg,0.277539
4401.jpg,0.887682
4402.jpg,0.758085
4403.jpg,0.731074
4404.jpg,0.115922
4405.jpg,0.427725
4406.jpg,0.733963
4407.jpg,0.99997
4408.jpg,0.733495
4409.jpg,0.000174
4410.jpg,0.7762560000000001
4411.jpg,0.835516
4412.jpg,0.6672279999999999
4413.jpg,0.078926
4414.jpg,0.696558
4415.jpg,0.844303
4416.jpg,0.601851
4417.jpg,0.7422350000000001
4418.jpg,0.063871
4419.jpg,0.731217
4420.jpg,0.766265
4421.jpg,0.778859
4422.jpg,0.761613
4423.jpg,0.90509
4424.jpg,0.899148
4425.jpg,0.938439
4426.jpg,0.583271
4427.jpg,0.7342920000000001
4428.jpg,0.759914
4429.jpg,0.5397
4430.jpg,0.999998
4431.jpg,0.166459
4432.jpg,0.999222
4433.jpg,0.193959
4434.jpg,0.680616
4435.jpg,0.642564
4436.jpg,0.798616
4437.jpg,0.955488
4438.jpg,0.6632100000000001
4439.jpg,0.694732
4440.jpg,0.689125
4441.jpg,0.6788420000000001
4442.jpg,0.718184
4443.jpg,0.926463
4444.jpg,0.8699020000000001
4445.jpg,0.681652
4446.jpg,0.998281
4447.jpg,0.924471
4448.jpg,0.258945
4449.jpg,0.5881850000000001
4450.jpg,0.161636
4451.jpg,0.723536
4452.jpg,0.637555
4453.jpg,0.999989
4454.jpg,0.713838
4455.jpg,0.7858189999999999
4456.jpg,1.0
4457.jpg,0.224754
4458.jpg,0.0159039999999999
4459.jpg,0.0008439999999999
4460.jpg,0.723817
4461.jpg,0.044447
4462.jpg,0.694529
4463.jpg,0.556501
4464.jpg,0.65722
4465.jpg,0.27621
4466.jpg,1.0
4467.jpg,0.7838510000000001
4468.jpg,0.737716
4469.jpg,0.931894
4470.jpg,0.0863429999999999
4471.jpg,0.777337
4472.jpg,0.776269
4473.jpg,0.948464
4474.jpg,0.999381
4475.jpg,0.765745
4476.jpg,0.271316
4477.jpg,0.042226
4478.jpg,0.4203439999999999
4479.jpg,0.733483
4480.jpg,0.090045
4481.jpg,0.7329680000000001
4482.jpg,0.422558
4483.jpg,0.06165
4484.jpg,1.0
4485.jpg,0.917222
4486.jpg,0.601056
4487.jpg,0.197461
4488.jpg,0.202774
4489.jpg,0.2470659999999999
4490.jpg,0.6010340000000001
4491.jpg,0.6954199999999999
4492.jpg,0.6367729999999999
4493.jpg,0.696141
4494.jpg,0.8283709999999999
4495.jpg,0.648089
4496.jpg,0.700311
4497.jpg,0.728215
4498.jpg,0.635216
4499.jpg,0.657953
4500.jpg,0.000129
4501.jpg,0.27204
4502.jpg,0.590921
4503.jpg,0.865662
4504.jpg,0.648072
4505.jpg,0.537473
4506.jpg,0.686237
4507.jpg,0.671103
4508.jpg,0.675975
4509.jpg,0.674138
4510.jpg,0.538176
4511.jpg,0.521486
4512.jpg,0.4606659999999999
4513.jpg,0.648133
4514.jpg,0.091031
4515.jpg,0.7484810000000001
4516.jpg,0.593712
4517.jpg,0.7291270000000001
4518.jpg,0.6107
4519.jpg,0.69763
4520.jpg,0.562268
4521.jpg,0.754265
4522.jpg,0.654096
4523.jpg,0.6419050000000001
4524.jpg,0.537457
4525.jpg,0.994279
4526.jpg,0.7008479999999999
4527.jpg,0.8708959999999999
4528.jpg,0.85277
4529.jpg,0.831227
4530.jpg,0.736468
4531.jpg,0.707842
4532.jpg,0.299735
4533.jpg,0.518044
4534.jpg,0.782254
4535.jpg,0.246403
4536.jpg,0.6909770000000001
4537.jpg,0.706142
4538.jpg,0.989501
4539.jpg,0.532868
4540.jpg,0.6088100000000001
4541.jpg,0.680272
4542.jpg,0.922708
4543.jpg,0.764517
4544.jpg,0.240729
4545.jpg,0.527744
4546.jpg,0.25951
4547.jpg,0.582695
4548.jpg,0.761135
4549.jpg,0.815357
4550.jpg,0.5511560000000001
4551.jpg,0.995985
4552.jpg,0.58759
4553.jpg,0.664084
4554.jpg,0.024956
4555.jpg,0.719715
4556.jpg,0.624799
4557.jpg,0.70125
4558.jpg,0.457696
4559.jpg,0.231726
4560.jpg,0.769087
4561.jpg,0.804142
4562.jpg,0.6855899999999999
4563.jpg,0.734176
4564.jpg,0.7331880000000001
4565.jpg,0.6177590000000001
4566.jpg,0.999996
4567.jpg,0.296158
4568.jpg,0.669026
4569.jpg,0.2714789999999999
4570.jpg,0.7879970000000001
4571.jpg,0.8256030000000001
4572.jpg,0.867936
4573.jpg,0.664261
4574.jpg,0.929865
4575.jpg,0.522129
4576.jpg,0.080784
4577.jpg,0.633628
4578.jpg,0.905498
4579.jpg,0.538608
4580.jpg,0.729824
4581.jpg,0.700703
4582.jpg,0.542864
4583.jpg,0.770046
4584.jpg,0.27064
4585.jpg,0.632566
4586.jpg,0.419539
4587.jpg,0.653532
4588.jpg,0.767407
4589.jpg,0.6803640000000001
4590.jpg,0.763675
4591.jpg,0.5464600000000001
4592.jpg,0.66243
4593.jpg,0.7275520000000001
4594.jpg,0.588457
4595.jpg,0.644737
4596.jpg,0.704255
4597.jpg,0.703703
4598.jpg,0.249766
4599.jpg,0.59709
4600.jpg,0.515095
4601.jpg,0.120567
4602.jpg,0.64459
4603.jpg,0.037397
4604.jpg,0.091275
4605.jpg,0.691325
4606.jpg,0.043705
4607.jpg,0.69457
4608.jpg,0.773832
4609.jpg,0.76566
4610.jpg,0.1683339999999999
4611.jpg,0.190411
4612.jpg,0.1922829999999999
4613.jpg,0.249376
4614.jpg,0.6219020000000001
4615.jpg,0.66041
4616.jpg,0.033466
4617.jpg,0.740811
4618.jpg,0.7183430000000001
4619.jpg,0.997216
4620.jpg,0.222512
4621.jpg,0.999998
4622.jpg,0.474518
4623.jpg,0.0450189999999999
4624.jpg,0.694714
4625.jpg,0.211959
4626.jpg,0.635962
4627.jpg,0.454265
4628.jpg,0.0258709999999999
4629.jpg,0.958202
4630.jpg,0.891998
4631.jpg,0.800441
4632.jpg,0.571105
4633.jpg,0.0362279999999999
4634.jpg,0.299404
4635.jpg,0.779176
4636.jpg,0.626468
4637.jpg,0.549288
4638.jpg,0.990653
4639.jpg,0.692044
4640.jpg,0.580283
4641.jpg,0.666982
4642.jpg,0.999919
4643.jpg,0.8029470000000001
4644.jpg,0.735896
4645.jpg,0.632991
4646.jpg,0.677149
4647.jpg,0.519396
4648.jpg,1.0
4649.jpg,0.000132
4650.jpg,0.997855
4651.jpg,0.637123
4652.jpg,0.536404
4653.jpg,0.687711
4654.jpg,0.64137
4655.jpg,0.671568
4656.jpg,0.999853
4657.jpg,0.795068
4658.jpg,0.632846
4659.jpg,0.463327
4660.jpg,0.736096
4661.jpg,0.712133
4662.jpg,0.579697
4663.jpg,0.214579
4664.jpg,0.6974279999999999
4665.jpg,0.812844
4666.jpg,0.8086770000000001
4667.jpg,0.7466109999999999
4668.jpg,0.943092
4669.jpg,0.805559
4670.jpg,0.613349
4671.jpg,0.69191
4672.jpg,0.70972
4673.jpg,0.015847
4674.jpg,0.717318
4675.jpg,0.729005
4676.jpg,0.2055719999999999
4677.jpg,0.672211
4678.jpg,0.7772140000000001
4679.jpg,0.6386270000000001
4680.jpg,0.689443
4681.jpg,0.7579279999999999
4682.jpg,0.5836560000000001
4683.jpg,0.452479
4684.jpg,0.711871
4685.jpg,1.0
4686.jpg,0.161649
4687.jpg,9.7e-05
4688.jpg,0.6640199999999999
4689.jpg,0.895516
4690.jpg,0.60649
4691.jpg,0.982476
4692.jpg,0.697114
4693.jpg,0.192699
4694.jpg,0.999998
4695.jpg,1.0
4696.jpg,0.80085
4697.jpg,0.107194
4698.jpg,0.6517689999999999
4699.jpg,0.74805
4700.jpg,0.6481779999999999
4701.jpg,1.0
4702.jpg,0.719146
4703.jpg,0.1120109999999999
4704.jpg,0.623533
4705.jpg,0.789474
4706.jpg,0.489842
4707.jpg,0.594687
4708.jpg,0.673775
4709.jpg,0.041668
4710.jpg,0.6024619999999999
4711.jpg,0.731116
4712.jpg,0.90046
4713.jpg,0.726222
4714.jpg,0.296851
4715.jpg,0.978142
4716.jpg,0.8680120000000001
4717.jpg,0.738521
4718.jpg,0.583591
4719.jpg,0.133172
4720.jpg,0.657778
4721.jpg,0.745676
4722.jpg,0.605341
4723.jpg,0.742261
4724.jpg,0.744628
4725.jpg,0.4625189999999999
4726.jpg,0.260405
4727.jpg,0.997312
4728.jpg,0.692792
4729.jpg,0.5318390000000001
4730.jpg,0.708986
4731.jpg,0.609592
4732.jpg,0.025169
4733.jpg,0.5685899999999999
4734.jpg,0.678924
4735.jpg,0.6233989999999999
4736.jpg,0.630475
4737.jpg,1.0
4738.jpg,0.664259
4739.jpg,0.180581
4740.jpg,0.648373
4741.jpg,0.747636
4742.jpg,0.706144
4743.jpg,0.4178729999999999
4744.jpg,0.6711560000000001
4745.jpg,0.832967
4746.jpg,0.663864
4747.jpg,0.692613
4748.jpg,0.1797619999999999
4749.jpg,0.407599
4750.jpg,0.819106
4751.jpg,0.734771
4752.jpg,0.823667
4753.jpg,0.895468
4754.jpg,0.5846720000000001
4755.jpg,0.551007
4756.jpg,0.655221
4757.jpg,0.561082
4758.jpg,0.999999
4759.jpg,0.060686
4760.jpg,0.708728
4761.jpg,0.581631
4762.jpg,0.521142
4763.jpg,0.685466
4764.jpg,0.280391
4765.jpg,0.166364
4766.jpg,0.471796
4767.jpg,0.581276
4768.jpg,0.742577
4769.jpg,0.261497
4770.jpg,0.920373
4771.jpg,0.55025
4772.jpg,0.6530779999999999
4773.jpg,0.696408
4774.jpg,0.167657
4775.jpg,0.875542
4776.jpg,0.682714
4777.jpg,0.000176
4778.jpg,0.6839529999999999
4779.jpg,0.999998
4780.jpg,0.646314
4781.jpg,0.102419
4782.jpg,0.110694
4783.jpg,0.067945
4784.jpg,0.748945
4785.jpg,0.643022
4786.jpg,1.0
4787.jpg,0.293276
4788.jpg,0.860359
4789.jpg,0.594834
4790.jpg,0.000726
4791.jpg,0.65271
4792.jpg,1.0
4793.jpg,0.042616
4794.jpg,0.204183
4795.jpg,0.009694
4796.jpg,0.0012369999999999
4797.jpg,0.572824
4798.jpg,0.674279
4799.jpg,0.708634
4800.jpg,0.631683
4801.jpg,0.658967
4802.jpg,0.849882
4803.jpg,0.659957
4804.jpg,0.721813
4805.jpg,0.42378
4806.jpg,0.7203930000000001
4807.jpg,0.7913100000000001
4808.jpg,0.661569
4809.jpg,0.750684
4810.jpg,0.152021
4811.jpg,0.489188
4812.jpg,0.706823
4813.jpg,0.727954
4814.jpg,0.815481
4815.jpg,0.975151
4816.jpg,0.984292
4817.jpg,0.741586
4818.jpg,0.743151
4819.jpg,0.264973
4820.jpg,0.795794
4821.jpg,0.547009
4822.jpg,0.155164
4823.jpg,0.681664
4824.jpg,0.999937
4825.jpg,0.759898
4826.jpg,0.630675
4827.jpg,0.081702
4828.jpg,0.726128
4829.jpg,0.709129
4830.jpg,0.611928
4831.jpg,0.984899
4832.jpg,0.257499
4833.jpg,0.0311819999999999
4834.jpg,0.6553760000000001
4835.jpg,0.730952
4836.jpg,0.479089
4837.jpg,0.664706
4838.jpg,0.7637689999999999
4839.jpg,0.7519319999999999
4840.jpg,0.070869
4841.jpg,0.465389
4842.jpg,0.653771
4843.jpg,0.745741
4844.jpg,0.777235
4845.jpg,0.720208
4846.jpg,0.7391979999999999
4847.jpg,0.744426
4848.jpg,0.566721
4849.jpg,0.642583
4850.jpg,0.7265
4851.jpg,0.999918
4852.jpg,0.65518
4853.jpg,0.706037
4854.jpg,0.699547
4855.jpg,0.578972
4856.jpg,0.710025
4857.jpg,0.913123
4858.jpg,0.517965
4859.jpg,0.729391
4860.jpg,0.506948
4861.jpg,0.811091
4862.jpg,0.186454
4863.jpg,0.0004219999999999
4864.jpg,0.999996
4865.jpg,0.6885600000000001
4866.jpg,0.64871
4867.jpg,0.607112
4868.jpg,0.024311
4869.jpg,0.292462
4870.jpg,0.940883
4871.jpg,0.650892
4872.jpg,0.545057
4873.jpg,0.903125
4874.jpg,0.521878
4875.jpg,0.742844
4876.jpg,0.277442
4877.jpg,0.146362
4878.jpg,0.999999
4879.jpg,0.577117
4880.jpg,0.73419
4881.jpg,0.294256
4882.jpg,0.257208
4883.jpg,0.703855
4884.jpg,0.999999
4885.jpg,0.725267
4886.jpg,0.565966
4887.jpg,0.022296
4888.jpg,0.525601
4889.jpg,0.725504
4890.jpg,0.8543360000000001
4891.jpg,0.278723
4892.jpg,0.999551
4893.jpg,0.515901
4894.jpg,0.7182270000000001
4895.jpg,0.728412
4896.jpg,0.800469
4897.jpg,0.075945
4898.jpg,0.3656
4899.jpg,0.716445
4900.jpg,0.649142
4901.jpg,0.999976
4902.jpg,0.295297
4903.jpg,1.0
4904.jpg,0.185308
4905.jpg,0.706421
4906.jpg,0.75716
4907.jpg,0.703397
4908.jpg,0.669499
4909.jpg,0.029056
4910.jpg,0.51195
4911.jpg,0.6758810000000001
4912.jpg,0.82816
4913.jpg,0.011505
4914.jpg,0.5102439999999999
4915.jpg,0.6967869999999999
4916.jpg,0.722432
4917.jpg,0.692064
4918.jpg,0.998664
4919.jpg,0.6757810000000001
4920.jpg,0.636003
4921.jpg,0.175598
4922.jpg,0.993886
4923.jpg,0.999922
4924.jpg,0.690064
4925.jpg,0.799647
4926.jpg,0.742391
4927.jpg,0.267789
4928.jpg,0.657613
4929.jpg,0.4856899999999999
4930.jpg,0.500798
4931.jpg,0.718587
4932.jpg,0.85065
4933.jpg,0.295878
4934.jpg,0.638355
4935.jpg,0.6119720000000001
4936.jpg,0.691488
4937.jpg,0.534701
4938.jpg,0.786438
4939.jpg,0.6840890000000001
4940.jpg,0.043686
4941.jpg,0.920267
4942.jpg,0.000814
4943.jpg,0.613047
4944.jpg,0.6726489999999999
4945.jpg,0.6473760000000001
4946.jpg,0.294802
4947.jpg,0.6621199999999999
4948.jpg,0.683198
4949.jpg,0.22768
4950.jpg,0.995212
4951.jpg,0.706098
4952.jpg,0.707142
4953.jpg,0.924492
4954.jpg,0.007692
4955.jpg,0.062223
4956.jpg,0.5627909999999999
4957.jpg,0.661111
4958.jpg,0.022318
4959.jpg,0.5871890000000001
4960.jpg,0.627551
4961.jpg,0.780666
4962.jpg,0.257089
4963.jpg,0.144194
4964.jpg,0.687243
4965.jpg,0.841161
4966.jpg,0.662119
4967.jpg,0.654636
4968.jpg,0.759893
4969.jpg,0.6875979999999999
4970.jpg,0.13684
4971.jpg,0.699979
4972.jpg,0.570842
4973.jpg,0.999971
4974.jpg,0.2728
4975.jpg,0.734413
4976.jpg,0.979182
4977.jpg,0.663945
4978.jpg,0.2088829999999999
4979.jpg,0.73746
4980.jpg,0.5945729999999999
4981.jpg,0.921602
4982.jpg,0.76231
4983.jpg,0.6538
4984.jpg,0.723183
4985.jpg,0.677507
4986.jpg,0.038455
4987.jpg,0.554596
4988.jpg,0.733992
4989.jpg,0.627768
4990.jpg,0.999999
4991.jpg,0.000105
4992.jpg,0.631025
4993.jpg,0.891784
4994.jpg,0.209951
4995.jpg,0.736858
4996.jpg,0.69872
4997.jpg,0.652012
4998.jpg,0.627549
4999.jpg,0.706434
5000.jpg,0.638417
